Id,ISBN,ISBN Image,Thumbnail Image,Title,Author(s),Genre ID,Genre,Rating,Copies
0,1467122459,1467122459.jpg,http://ecx.images-amazon.com/images/I/51PSyW3NE5L.jpg,Virginia Aviation (Images of Aviation),Roger Connor,0,Arts & Photography,1.5,0
1,3775738193,3775738193.jpg,http://ecx.images-amazon.com/images/I/51yVsunNW1L.jpg,Composite Landscapes: Photomontage and Landscape Architecture,James Corner,0,Arts & Photography,2.0,3
2,1454708921,1454708921.jpg,http://ecx.images-amazon.com/images/I/61L7xGOqO1L.jpg,More Creative Lettering: Techniques & Tips from Top Artists,Jenny Doh,0,Arts & Photography,0.5,2
3,980045444,0980045444.jpg,http://ecx.images-amazon.com/images/I/41nCyvIuSLL.jpg,Memory Drawing: Perceptual Training and Recall,Darren R. Rousar,0,Arts & Photography,4.5,1
4,1844489426,1844489426.jpg,http://ecx.images-amazon.com/images/I/61%2BYFePZtML.jpg,Drawing and Painting Flowers with Coloured Pencils,Trudy Friend,0,Arts & Photography,1.0,3
5,983272344,0983272344.jpg,http://ecx.images-amazon.com/images/I/51D2L2cqvzL.jpg,"IntAR, Interventions and Adaptive Reuse, Volume 06; The Experience Economy",Tiziano Aglieri Rinella,0,Arts & Photography,2.0,2
6,1616890932,1616890932.jpg,http://ecx.images-amazon.com/images/I/41wKuJUJoyL.jpg,"The Architect Says: Quotes, Quips, and Words of Wisdom",Laura S. Dushkes,0,Arts & Photography,4.0,3
7,1502499703,1502499703.jpg,http://ecx.images-amazon.com/images/I/61N5jPqnTFL.jpg,Modern Art Abstract Landscapes Nature Coloring Books For Adults (Sacred Mandala Designs and Patterns Coloring Books for Adults) (Volume 43),Lilt Kids Coloring Books,0,Arts & Photography,1.0,1
8,486449742,0486449742.jpg,http://ecx.images-amazon.com/images/I/51uGtNGBGFL.jpg,Marine Painter's Guide (Dover Art Instruction),Jack Coggins,0,Arts & Photography,4.5,2
9,486458164,0486458164.jpg,http://ecx.images-amazon.com/images/I/61j4DPit%2B0L.jpg,Celtic and Anglo-Saxon Art and Ornament (Dover Pictorial Archives),J. O. Westwood,0,Arts & Photography,1.0,3
10,B0011C817K,B0011C817K.jpg,http://ecx.images-amazon.com/images/I/618RnllJWxL.jpg,American Public Visual Communication,Ciliang Chen,0,Arts & Photography,2.5,2
11,1118231910,1118231910.jpg,http://ecx.images-amazon.com/images/I/61vzfUr0RKL.jpg,Therapeutic Landscapes: An Evidence-Based Approach to Designing Healing Gardens and Restorative Outdoor Spaces,Clare Cooper Marcus,0,Arts & Photography,1.0,0
12,871565544,0871565544.jpg,http://ecx.images-amazon.com/images/I/61WcBIEqoqL.jpg,The Sierra Club Guide to Sketching in Nature,Cathy Johnson,0,Arts & Photography,0.0,5
13,500517924,0500517924.jpg,http://ecx.images-amazon.com/images/I/61GcfFFVAoL.jpg,The Andean Science of Weaving: Structures and Techniques for Warp-Faced Weaves,Denise Y. Arnold,0,Arts & Photography,1.5,0
14,571514561,0571514561.jpg,http://ecx.images-amazon.com/images/I/61ytkz6FdVL.jpg,Behind Bars: The Definitive Guide to Music Notation,Elaine Gould,0,Arts & Photography,3.0,0
15,470087811,0470087811.jpg,http://ecx.images-amazon.com/images/I/41vMwtj3aQL.jpg,Building Construction Illustrated,Francis D. K. Ching,0,Arts & Photography,3.5,2
16,071484800X,071484800X.jpg,http://ecx.images-amazon.com/images/I/51hqTRu3GFL.jpg,Carlo Scarpa,Unknown,0,Arts & Photography,3.5,7
17,764971476,0764971476.jpg,http://ecx.images-amazon.com/images/I/511LdBgbYsL.jpg,Edward Gorey: His Book Cover Art and Design,Edward Gorey,0,Arts & Photography,2.0,0
18,074992344X,074992344X.jpg,http://ecx.images-amazon.com/images/I/41glr5gD7hL.jpg,"Supermodels' Beauty Secrets: Hot Tips for Style, Beauty, and Fashion from the World's Top Models (Top Tips for Style, Beauty and Fashion)",Victoria Nixon,0,Arts & Photography,2.5,5
19,820486434,0820486434.jpg,http://ecx.images-amazon.com/images/I/51u2DvqssaL.jpg,"Worlds in Play: International Perspectives on Digital Games Research (New Literacies and Digital Epistemologies,)",Unknown,0,Arts & Photography,0.0,3
20,1626548633,1626548633.jpg,http://ecx.images-amazon.com/images/I/51ew1jf-bPL.jpg,Landscape Painting in Watercolor,Zoltan Szabo,0,Arts & Photography,2.5,3
21,300210299,0300210299.jpg,http://ecx.images-amazon.com/images/I/51yxdllNnWL.jpg,Van Gogh and Nature,Richard Kendall,0,Arts & Photography,3.5,7
22,1440308500,1440308500.jpg,http://ecx.images-amazon.com/images/I/61P0-pM6a0L.jpg,Creating Textures in Colored Pencil,Gary Greene,0,Arts & Photography,1.5,9
23,793516889,0793516889.jpg,http://ecx.images-amazon.com/images/I/41dQOJvUKlL.jpg,The Big Book of Staff Paper,Unknown,0,Arts & Photography,5.0,5
24,1616892196,1616892196.jpg,http://ecx.images-amazon.com/images/I/61zqOHC4-NL.jpg,Visual Complexity: Mapping Patterns of Information,Manuel Lima,0,Arts & Photography,0.5,8
25,3037640499,3037640499.jpg,http://ecx.images-amazon.com/images/I/51rt8dZosiL.jpg,Teresita Fernandez: Blind Landscape,Dave Hickey,0,Arts & Photography,3.5,7
26,300187343,0300187343.jpg,http://ecx.images-amazon.com/images/I/514Eoj7GBjL.jpg,"Chagall: Love, War, and Exile (Jewish Museum)",Susan Tumarkin Goodman,0,Arts & Photography,1.5,7
27,71427392,0071427392.jpg,http://ecx.images-amazon.com/images/I/51Y%2BN%2Beev1L.jpg,Wilbur Wright's Flights in France : Leon Bollee's Photographic Record 1908-1909,Stanley W. Kandebo,0,Arts & Photography,4.5,4
28,1780976054,1780976054.jpg,http://ecx.images-amazon.com/images/I/51jhJtNWyUL.jpg,Moto GP Yesterday & Today,Michael Scott,0,Arts & Photography,1.5,10
29,486255069,0486255069.jpg,http://ecx.images-amazon.com/images/I/51yHoIsvWHL.jpg,Oil Painting Techniques and Materials (Dover Art Instruction),Harold Speed,0,Arts & Photography,1.0,3
30,486227049,0486227049.jpg,http://ecx.images-amazon.com/images/I/61zsaU2%2BPfL.jpg,American Indian Design and Decoration (Dover Pictorial Archive),Le Roy H. Appleton,0,Arts & Photography,1.0,5
31,1586632078,1586632078.jpg,http://ecx.images-amazon.com/images/I/51ZAER2GGZL.jpg,The Encyclopedia of Modern Warplanes: The Development and Specifications of All Active Military Aircraft,Unkown,0,Arts & Photography,0.5,0
32,1517360900,1517360900.jpg,http://ecx.images-amazon.com/images/I/51GSAMZbtFL.jpg,Color By Number For Adults: Country Casual Autumn Scenes,Nona Meyers,0,Arts & Photography,2.5,5
33,1600583849,1600583849.jpg,http://ecx.images-amazon.com/images/I/510i9JA5UQL.jpg,Fashion Design Workshop Drawing Book & Kit: Includes everything you need to get started drawing your own fashions! (Walter Foster Studio),Stephanie Corfee,0,Arts & Photography,4.0,4
34,3765860050,3765860050.jpg,http://ecx.images-amazon.com/images/I/51WizNdswmL.jpg,Best of Black and White: Erotic Photography,Peter Delius,0,Arts & Photography,4.5,6
35,878467963,0878467963.jpg,http://ecx.images-amazon.com/images/I/51b8JjYYDAL.jpg,"The Priest, the Prince, and the Pasha: The Life and Afterlife of an Ancient Egyptian Sculpture",Lawrence Berman,0,Arts & Photography,0.0,0
36,823004988,0823004988.jpg,http://ecx.images-amazon.com/images/I/518ccQ40ZVL.jpg,The Big Book of Oil Painting,Jose Maria Parramon,0,Arts & Photography,2.5,1
37,1597111945,1597111945.jpg,http://ecx.images-amazon.com/images/I/41H3Lq9M3FL.jpg,Bruce Davidson: Subway,Bruce Davidson,0,Arts & Photography,5.0,1
38,3848003228,3848003228.jpg,http://ecx.images-amazon.com/images/I/617mMiz5L2L.jpg,Art & Architecture Florence,RolfC. Wirtz,0,Arts & Photography,1.0,4
39,2330016115,2330016115.jpg,http://ecx.images-amazon.com/images/I/41PeR1OmT3L.jpg,Jacques Henri Lartigue: A Sporting Life,Thierry Terret,0,Arts & Photography,1.5,0
40,956446000,0956446000.jpg,http://ecx.images-amazon.com/images/I/41RfeI68GHL.jpg,The Secrets of House Music Production,Marc Adamo,0,Arts & Photography,4.5,2
41,299286045,0299286045.jpg,http://ecx.images-amazon.com/images/I/51spDxGAlzL.jpg,Hanging by a Thread: A Kite�E��Es View of Wisconsin,,0,Arts & Photography,1.5,4
42,151489761X,151489761X.jpg,http://ecx.images-amazon.com/images/I/51Iz%2BNZMH7L.jpg,Modeliste: July 2015,Amy McCabe,0,Arts & Photography,3.0,8
43,1927925436,1927925436.jpg,http://ecx.images-amazon.com/images/I/51l4yrmU4EL.jpg,Shining Blade & Ark: Collection of Visual Materials,Sega,0,Arts & Photography,3.0,0
44,691134030,0691134030.jpg,http://ecx.images-amazon.com/images/I/41nEOHLczzL.jpg,Talking Prices: Symbolic Meanings of Prices on the Market for Contemporary Art (Princeton Studies in Cultural Sociology),Olav Velthuis,0,Arts & Photography,2.0,4
45,789302551,0789302551.jpg,http://ecx.images-amazon.com/images/I/71T92ZDX35L.gif,Models Close-Up,,0,Arts & Photography,2.5,1
46,1784941220,1784941220.jpg,http://ecx.images-amazon.com/images/I/61N5yvFidrL.jpg,Zen Coloring - Ocean,Editors of GMC,0,Arts & Photography,2.5,4
47,2081316439,2081316439.jpg,http://ecx.images-amazon.com/images/I/51yXF34gvzL.jpg,Gustave Dore 1832-1883: Master of Imagination,,0,Arts & Photography,0.0,2
48,1440321426,1440321426.jpg,http://ecx.images-amazon.com/images/I/51riOVjGRVL.jpg,"Acrylic Techniques in Mixed Media: Layer, Scribble, Stencil, Stamp",Roxanne Padgett,0,Arts & Photography,0.5,8
49,815610483,0815610483.jpg,http://ecx.images-amazon.com/images/I/514IF1O9ImL.jpg,Stone Houses of Jefferson County (New York State Series),,0,Arts & Photography,0.5,8
50,399508023,0399508023.jpg,http://ecx.images-amazon.com/images/I/51xQtD4ru6L.jpg,How to Draw Animals (Perigee),Jack Hamm,0,Arts & Photography,2.0,0
51,1588345297,1588345297.jpg,http://ecx.images-amazon.com/images/I/51l6XIoa3rL.jpg,With Schwarzkopf: Life Lessons of The Bear,Gus Lee,1,Biographies & Memoirs,1.5,1
52,520271181,0520271181.jpg,http://ecx.images-amazon.com/images/I/51s8awrmTRL.jpg,Becoming Dr. Q: My Journey from Migrant Farm Worker to Brain Surgeon,Alfredo Quinones-Hinojosa,1,Biographies & Memoirs,2.5,5
53,691164215,0691164215.jpg,http://ecx.images-amazon.com/images/I/61zmYnwInfL.jpg,The Life and Struggles of Our Mother Walatta Petros: A Seventeenth-Century African Biography of an Ethiopian Woman,Galawdewos,1,Biographies & Memoirs,2.0,7
54,385540108,0385540108.jpg,http://ecx.images-amazon.com/images/I/51W5Qr4PTyL.jpg,My History: A Memoir of Growing Up,Antonia Fraser,1,Biographies & Memoirs,0.5,2
55,771025084,0771025084.jpg,http://ecx.images-amazon.com/images/I/51jCwrhmPEL.jpg,Bench Bosses: The NHL's Coaching Elite,Matthew DiBiase,1,Biographies & Memoirs,4.0,2
56,446572233,0446572233.jpg,http://ecx.images-amazon.com/images/I/51AAwC8apbL.jpg,How to Get Out of Your Own Way,Tyrese Gibson,1,Biographies & Memoirs,1.5,4
57,553374273,0553374273.jpg,http://ecx.images-amazon.com/images/I/51VP3qRVnXL.jpg,A Darker Shade of Crimson: Odyssey of a Harvard Chicano,Ruben Navarrette Jr.,1,Biographies & Memoirs,5.0,9
58,446694851,0446694851.jpg,http://ecx.images-amazon.com/images/I/41qC7sN6OGL.jpg,Three Weeks with My Brother,Nicholas Sparks,1,Biographies & Memoirs,5.0,1
59,62116398,0062116398.jpg,http://ecx.images-amazon.com/images/I/51Pl2ZP%2BfaL.jpg,The Tennis Partner,Abraham Verghese,1,Biographies & Memoirs,5.0,4
60,1592578519,1592578519.jpg,http://ecx.images-amazon.com/images/I/51My-XXkfqL.jpg,Beyond Bars: Rejoining Society After Prison,Jeffrey Ian Ross,1,Biographies & Memoirs,4.0,8
61,1250082986,1250082986.jpg,http://ecx.images-amazon.com/images/I/51eRH2z3eCL.jpg,The Fight: A Secret Service Agent's Inside Account of Security Failings and the Political Machine,Dan Bongino,1,Biographies & Memoirs,1.0,1
62,1613210973,1613210973.jpg,http://ecx.images-amazon.com/images/I/51T4nH6ayIL.jpg,Terry Funk: More Than Just Hardcore,Terry Funk,1,Biographies & Memoirs,0.5,6
63,307381218,0307381218.jpg,http://ecx.images-amazon.com/images/I/51IMNIWQgDL.jpg,The Eaves of Heaven: A Life in Three Wars,Andrew X. Pham,1,Biographies & Memoirs,1.0,3
64,1550222066,1550222066.jpg,http://ecx.images-amazon.com/images/I/41VGGTJnykL.jpg,Alex Colville: The Observer Observed,Mark A Cheetham,1,Biographies & Memoirs,1.5,2
65,674766911,0674766911.jpg,http://ecx.images-amazon.com/images/I/51FnAhYQIyL.jpg,The Return of Martin Guerre,Natalie Zemon Davis,1,Biographies & Memoirs,1.0,4
66,60597682,0060597682.jpg,http://ecx.images-amazon.com/images/I/5134-yOS8jL.jpg,Mirage: Napoleon's Scientists and the Unveiling of Egypt,Nina Burleigh,1,Biographies & Memoirs,2.5,2
67,393323803,0393323803.jpg,http://ecx.images-amazon.com/images/I/41HqNEBoROL.jpg,Nietzsche: A Philosophical Biography,Rüdiger Safranski,1,Biographies & Memoirs,1.0,7
68,2553899,0002553899.jpg,http://ecx.images-amazon.com/images/I/41ZYtwW%2BxyL.jpg,Rare Air: Michael on Michael,Michael Jordan,1,Biographies & Memoirs,4.5,6
69,1557835675,1557835675.jpg,http://ecx.images-amazon.com/images/I/51MEQBQmzfL.jpg,Diary of a Mad Playwright: Perilous Adventures on the Road with Mary Martin and Carol Channing (Applause Books),James Kirkwood,1,Biographies & Memoirs,4.0,3
70,786713666,0786713666.jpg,http://ecx.images-amazon.com/images/I/41UcUAiQSnL.jpg,"In Search of the Greatest Golf Swing: Chasing the Legend of Mike Austin, the Man Who Launched the World's Longest Drive and Taught Me to Hit Like a Pro",Philip Reed,1,Biographies & Memoirs,3.5,5
71,142360556X,142360556X.jpg,http://ecx.images-amazon.com/images/I/51wSyMlwaIL.jpg,Sitting Bull: His Life and Legacy,Ernie LaPointe,1,Biographies & Memoirs,1.0,8
72,080508830X,080508830X.jpg,http://ecx.images-amazon.com/images/I/51uZ0jfakZL.jpg,Sitting Bull: The Life and Times of an American Patriot,Robert M. Utley,1,Biographies & Memoirs,1.5,1
73,1508530203,1508530203.jpg,http://ecx.images-amazon.com/images/I/51DHfSgiwNL.jpg,"TRIPS, TRAVELS, and DREAMS: How LSD Saved Me",Michael Vaughn Palmer,1,Biographies & Memoirs,5.0,10
74,887392741,0887392741.jpg,http://ecx.images-amazon.com/images/I/41YWDBYG0DL.jpg,Flight from Hell: Escape from the Nazis--A True Story,Paul Tessel,1,Biographies & Memoirs,1.0,9
75,1938591097,1938591097.jpg,http://ecx.images-amazon.com/images/I/41kUiqbFL4L.jpg,The Flea - The Amazing Story of Leo Messi,Michael Part,1,Biographies & Memoirs,5.0,9
76,671017063,0671017063.jpg,http://ecx.images-amazon.com/images/I/51n0OXAyQ0L.jpg,The Cases That Haunt Us,John E. Douglas,1,Biographies & Memoirs,2.0,10
77,1935254235,1935254235.jpg,http://ecx.images-amazon.com/images/I/51tbYVnPpQL.jpg,Medicine Seeker: A Beginner's Walk on the Pathway to Native American Spirituality,Stan E Hughes,1,Biographies & Memoirs,4.5,1
78,141979534,0141979534.jpg,http://ecx.images-amazon.com/images/I/51d7fLdfUBL.jpg,Rembrandt's Eyes,Simon Schama,1,Biographies & Memoirs,3.0,9
79,767906799,0767906799.jpg,http://ecx.images-amazon.com/images/I/51o%2BLqM2L9L.jpg,"For the Sins of My Father: A Mafia Killer, His Son, and the Legacy of a Mob Life",Albert DeMeo,1,Biographies & Memoirs,1.0,5
80,1439137277,1439137277.jpg,http://ecx.images-amazon.com/images/I/41EmiJEatXL.jpg,The Unauthorized History of DX (WWE),Aaron Feigenbaum,1,Biographies & Memoirs,1.5,2
81,61844713,0061844713.jpg,http://ecx.images-amazon.com/images/I/41wQIGldgnL.jpg,Patriot of Persia: Muhammad Mossadegh and a Tragic Anglo-American Coup,Christopher de Bellaigue,1,Biographies & Memoirs,0.0,2
82,929701496,0929701496.jpg,http://ecx.images-amazon.com/images/I/51PVhRfXqoL.jpg,Dersu the Trapper (Recovered Classics),V. K. Arsen'ev,1,Biographies & Memoirs,4.5,7
83,1598533088,1598533088.jpg,http://ecx.images-amazon.com/images/I/41IGPQCNFlL.jpg,"H. L. Mencken: the Days Trilogy, Expanded Edition: (Library of America #257)",H. L. Mencken,1,Biographies & Memoirs,1.0,6
84,307280454,0307280454.jpg,http://ecx.images-amazon.com/images/I/51RSVkhoN-L.jpg,The Downhill Lie: A Hacker's Return to a Ruinous Sport,Carl Hiaasen,1,Biographies & Memoirs,1.5,6
85,1514747561,1514747561.jpg,http://ecx.images-amazon.com/images/I/510OES%2Br0AL.jpg,Lost on the Appalachian Trail,Kyle S Rohrig,1,Biographies & Memoirs,0.5,4
86,069239320X,069239320X.jpg,http://ecx.images-amazon.com/images/I/51u0W7eMUnL.jpg,A Foreign Kid in World War II Shanghai,George A. Kulstad,1,Biographies & Memoirs,0.0,10
87,1491730021,1491730021.jpg,http://ecx.images-amazon.com/images/I/51F2QshkZcL.jpg,Warm Bricks at My Feet: A Danish Immigrant Family's Struggles and Triumphs Through a Uniquely Challenging Period in 20th Century America,Marian Love,1,Biographies & Memoirs,1.0,7
88,1400082773,1400082773.jpg,http://ecx.images-amazon.com/images/I/51LCJdzcSNL.jpg,Dreams from My Father: A Story of Race and Inheritance,Barack Obama,1,Biographies & Memoirs,0.5,3
89,806518618,0806518618.jpg,http://ecx.images-amazon.com/images/I/714Y4MNM5NL.gif,Revelations: The Autobiography of Alvin Ailey,Alvin Ailey,1,Biographies & Memoirs,4.0,10
90,802091741,0802091741.jpg,http://ecx.images-amazon.com/images/I/51H2sKI%2Bk-L.jpg,Canada's Prime Ministers: Macdonald to Trudeau - Portraits from the Dictionary of Canadian Biography,,1,Biographies & Memoirs,0.0,9
91,943358507,0943358507.jpg,http://ecx.images-amazon.com/images/I/51CRSPVH0VL.jpg,Initiation,Elisabeth Haich,1,Biographies & Memoirs,1.5,7
92,163450237X,163450237X.jpg,http://ecx.images-amazon.com/images/I/51ODaHYD4rL.jpg,"This Victorian Life: Modern Adventures in Nineteenth-Century Culture, Cooking, Fashion, and Technology",Sarah A. Chrisman,1,Biographies & Memoirs,3.0,9
93,876120796,0876120796.jpg,http://ecx.images-amazon.com/images/I/51D02n%2B0COL.jpg,Autobiography of a Yogi (Self-Realization Fellowship),Paramahansa Yogananda,1,Biographies & Memoirs,3.5,8
94,967155576,0967155576.jpg,http://ecx.images-amazon.com/images/I/51dMLG9UrmL.jpg,"Forgotten Memories, Revised Ed",Art Rodriguez,1,Biographies & Memoirs,0.5,4
95,150843798X,150843798X.jpg,http://ecx.images-amazon.com/images/I/51j35YXEnML.jpg,"J.J. Watt: The Inspirational Story of Football Superstar J.J. Watt (J.J. Watt Unauthorized Biography, Houston Texans, University of Wisconsin, NFL Books)",Bill Redban,1,Biographies & Memoirs,2.0,8
96,1442629029,1442629029.jpg,http://ecx.images-amazon.com/images/I/51m2UuswdyL.jpg,Memoirs and Reflections (Osgoode Society for Canadian Legal History),Roy McMurtry,1,Biographies & Memoirs,0.0,5
97,145165619X,145165619X.jpg,http://ecx.images-amazon.com/images/I/51W-vfRtGzL.jpg,"Eating Wildly: Foraging for Life, Love and the Perfect Meal",Ava Chin,1,Biographies & Memoirs,0.0,8
98,472050796,0472050796.jpg,http://ecx.images-amazon.com/images/I/51XhIrPE-fL.jpg,"Isadore's Secret: Sin, Murder, and Confession in a Northern Michigan Town",Mardi Link,1,Biographies & Memoirs,5.0,3
99,1591847214,1591847214.jpg,http://ecx.images-amazon.com/images/I/51UeAjrDo4L.jpg,Civilian Warriors: The Inside Story of Blackwater and the Unsung Heroes of the War on Terror,Erik Prince,1,Biographies & Memoirs,2.0,4
100,873514211,0873514211.jpg,http://ecx.images-amazon.com/images/I/51uP11dSo2L.jpg,Norwegians in Minnesota (People Of Minnesota),Jon Gjerde,1,Biographies & Memoirs,4.5,5
101,193778505X,193778505X.jpg,http://ecx.images-amazon.com/images/I/41db0sUOVZL.jpg,"Outsource It!: A No-Holds-Barred Look at the Good, the Bad, and the Ugly of Offshoring Tech Projects",Nick Krym,2,Business & Money,3.0,3
102,1250042380,1250042380.jpg,http://ecx.images-amazon.com/images/I/51C4Vkw0E2L.jpg,Never Enough: Donald Trump and the Pursuit of Success,Michael D'Antonio,2,Business & Money,0.5,6
103,067189451X,067189451X.jpg,http://ecx.images-amazon.com/images/I/611H3AWTCSL.jpg,The Wall Street Journal Guide to Understanding Money and Investing,Kenneth M. Morris,2,Business & Money,0.5,2
104,470187816,0470187816.jpg,http://ecx.images-amazon.com/images/I/51K%2BQoU3xBL.jpg,Loss Models: From Data to Decisions (Wiley Series in Probability and Statistics),Stuart A. Klugman,2,Business & Money,2.5,6
105,415531861,0415531861.jpg,http://ecx.images-amazon.com/images/I/41CsEphDHYL.jpg,Research Methods in Health Communication: Principles and Application,,2,Business & Money,1.5,2
106,1633690954,1633690954.jpg,http://ecx.images-amazon.com/images/I/515fvdRLSxL.jpg,HBR 20-Minute Manager Boxed Set (10 Books) (HBR 20-Minute Manager Series),Harvard Business Review,2,Business & Money,5.0,1
107,691003955,0691003955.jpg,http://ecx.images-amazon.com/images/I/517rVEad8ML.jpg,Game Theory for Applied Economists,Robert Gibbons,2,Business & Money,1.5,0
108,1118202686,1118202686.jpg,http://ecx.images-amazon.com/images/I/51Afn9UNi%2BL.jpg,Equity Markets and Portfolio Analysis (Bloomberg Financial),R. Stafford Johnson,2,Business & Money,0.5,8
109,1563271273,1563271273.jpg,http://ecx.images-amazon.com/images/I/51nsMRN7UCL.jpg,Mistake-Proofing for Operators Learning Package: Mistake-Proofing for Operators: The ZQC System (The Shopfloor Series),Productivity Press Development Team,2,Business & Money,0.5,10
110,073605619X,073605619X.jpg,http://ecx.images-amazon.com/images/I/5198tKfWQuL.jpg,Risk Management in Sport and Recreation,John O. Spengler,2,Business & Money,4.5,10
111,1514880075,1514880075.jpg,http://ecx.images-amazon.com/images/I/51pf3Rvuv0L.jpg,Improve Your Credit Score: How to Remove Negative Items from Your Credit Report and Raise Credit Ratings,Alexander Rich,2,Business & Money,4.0,6
112,1565845927,1565845927.jpg,http://ecx.images-amazon.com/images/I/61IKmokVkeL.jpg,False Dawn: The Delusions of Global Capitalism,John Gray,2,Business & Money,5.0,7
113,195170180,0195170180.jpg,http://ecx.images-amazon.com/images/I/41rnwuTZinL.jpg,"Failed: What the ""Experts"" Got Wrong about the Global Economy",Mark Weisbrot,2,Business & Money,0.0,0
114,1935589857,1935589857.jpg,http://ecx.images-amazon.com/images/I/413wO1s1atL.jpg,Q & As for the PMBOK Guide,,2,Business & Money,5.0,8
115,520283171,0520283171.jpg,http://ecx.images-amazon.com/images/I/61cpiZKGMyL.jpg,Essentials of Development Economics,J. Edward Taylor,2,Business & Money,0.5,6
116,61547840,0061547840.jpg,http://ecx.images-amazon.com/images/I/51UoEoBZlKL.jpg,Think Big: Make It Happen in Business and Life,Donald J. Trump,2,Business & Money,3.5,7
117,1402074530,1402074530.jpg,http://ecx.images-amazon.com/images/I/51OJHma8PKL.jpg,International Logistics: Global Supply Chain Management,Douglas Long,2,Business & Money,3.5,4
118,471718866,0471718866.jpg,http://ecx.images-amazon.com/images/I/41CHhjpypWL.jpg,"Fat-Tailed and Skewed Asset Return Distributions : Implications for Risk Management, Portfolio Selection, and Option Pricing",Svetlozar T. Rachev,2,Business & Money,3.5,1
119,520207246,0520207246.jpg,http://ecx.images-amazon.com/images/I/51ii1LEo-tL.jpg,"The White Scourge: Mexicans, Blacks, and Poor Whites in Texas Cotton Culture (American Crossroads)",Neil Foley,2,Business & Money,3.5,9
120,1118963326,1118963326.jpg,http://ecx.images-amazon.com/images/I/51YxY%2Bpx70L.jpg,Personal Benchmark: Integrating Behavioral Finance and Investment Management,Charles Widger,2,Business & Money,1.5,1
121,1118910664,1118910664.jpg,http://ecx.images-amazon.com/images/I/51-oOVLO1UL.jpg,Overworked and Overwhelmed: The Mindfulness Alternative,Scott Eblin,2,Business & Money,1.0,9
122,738213675,0738213675.jpg,http://ecx.images-amazon.com/images/I/41rju4hO-YL.jpg,"One Year to an Organized Financial Life: From Your Bills to Your Bank Account, Your Home to Your Retirement, the Week-by-Week Guide to Achieving Financial Peace of Mind",Regina Leeds,2,Business & Money,0.0,4
123,760348634,0760348634.jpg,http://ecx.images-amazon.com/images/I/512k7fUETgL.jpg,Indian Motorcycle(R): America's First Motorcycle Company,Darwin Holmstrom,2,Business & Money,4.5,2
124,809231689,0809231689.jpg,http://ecx.images-amazon.com/images/I/51JCq%2B9sFhL.jpg,Feng Shui: The Book of Cures,Nancilee Wydra,2,Business & Money,4.5,9
125,70534489,0070534489.jpg,http://ecx.images-amazon.com/images/I/51axNg1pBmL.jpg,The McKinsey Way,Ethan Rasiel,2,Business & Money,2.5,1
126,1502799405,1502799405.jpg,http://ecx.images-amazon.com/images/I/41X-waLpuNL.jpg,E-Learning Uncovered: Articulate Storyline 2,Tim Slade,2,Business & Money,0.0,5
127,375758291,0375758291.jpg,http://ecx.images-amazon.com/images/I/41KCncePtjL.jpg,The Cathedral Within: Transforming Your Life by Giving Something Back,Bill Shore,2,Business & Money,1.0,9
128,085728326X,085728326X.jpg,http://ecx.images-amazon.com/images/I/519si6wpQCL.jpg,Two Decades of Market Reform in India: Some Dissenting Views (India and Asia in the Global Economy),,2,Business & Money,4.0,4
129,1502470136,1502470136.jpg,http://ecx.images-amazon.com/images/I/51MeyOYLrJL.jpg,Money Book: Cash Flow Ideas for Wealth Creation: Inspiring Experiences of Self-Made Billionaires and Millionaires,Dr. Daniel Goldmind,2,Business & Money,2.0,4
130,71843825,0071843825.jpg,http://ecx.images-amazon.com/images/I/516oqJJh6bL.jpg,"The Whole Brain Business Book, Second Edition: Unlocking the Power of Whole Brain Thinking in Organizations, Teams, and Individuals",Ned Herrmann,2,Business & Money,0.5,7
131,231167466,0231167466.jpg,http://ecx.images-amazon.com/images/I/411Lu29IvcL.jpg,Passion for Reality: The Extraordinary Life of the Investing Pioneer Paul Cabot (Columbia Business School Publishing),Michael R. Yogg,2,Business & Money,4.5,4
132,808038737,0808038737.jpg,http://ecx.images-amazon.com/images/I/418JyhLp5cL.jpg,U.S. Master Tax Guide (2015),CCH Tax Law Editors,2,Business & Money,0.0,7
133,149915707X,149915707X.jpg,http://ecx.images-amazon.com/images/I/41lGM3ZHunL.jpg,Swing Trading Made Simple,Michael Peroutka,2,Business & Money,2.0,9
134,1609497694,1609497694.jpg,http://ecx.images-amazon.com/images/I/51Em2uSwA7L.jpg,The Fateful History of Fannie Mae:: New Deal Birth to Mortgage Crisis Fall,James R. Hagerty,2,Business & Money,2.0,9
135,300146760,0300146760.jpg,http://ecx.images-amazon.com/images/I/516TrTSrNSL.jpg,"The Kipper und Wipper Inflation, 1619-23: An Economic History with Contemporary German Broadsheets (Yale Series in Economic and Financial History)",Prof. Martha White Paas,2,Business & Money,0.5,6
136,674743954,0674743954.jpg,http://ecx.images-amazon.com/images/I/51b2XkczKLL.jpg,The End Game: How Inequality Shapes Our Final Years,Corey M. Abramson,2,Business & Money,0.0,7
137,1133586554,1133586554.jpg,http://ecx.images-amazon.com/images/I/51KHxEG4ZTL.jpg,Real Estate Law (South-Western Legal Studies in Business Academic),Marianne M. Jennings,2,Business & Money,2.0,3
138,1591396387,1591396387.jpg,http://ecx.images-amazon.com/images/I/41RXha7uzXL.jpg,Harvard Business Review on Doing Business in China (Harvard Business Review Paperback Series),Harvard Business School Press,2,Business & Money,2.0,1
139,1620970082,1620970082.jpg,http://ecx.images-amazon.com/images/I/41r0KCjyQiL.jpg,Out of Sight: The Long and Disturbing Story of Corporations Outsourcing Catastrophe,Erik Loomis,2,Business & Money,3.0,8
140,538740558,0538740558.jpg,http://ecx.images-amazon.com/images/I/51LaFp2uEGL.jpg,California Real Estate Practice,Robert L. Herd,2,Business & Money,4.0,3
141,1493554662,1493554662.jpg,http://ecx.images-amazon.com/images/I/51WOQy7TrpL.jpg,"Hacking Kickstarter, Indiegogo: How to Raise Big Bucks in 30 Days: Secrets to Running a Successful Crowd Funding Campaign on a Budget (Updated September 2015)",Patrice Williams Marks,2,Business & Money,2.5,3
142,1595620826,1595620826.jpg,http://ecx.images-amazon.com/images/I/41KTjWoTZXL.jpg,Entrepreneurial StrengthsFinder,Jim Clifton,2,Business & Money,2.0,9
143,1629560987,1629560987.jpg,http://ecx.images-amazon.com/images/I/41GhIcwFU4L.jpg,"Even the Odds: Sensible Risk-Taking in Business, Investing, and Life",Karen Firestone,2,Business & Money,4.5,8
144,980122783,0980122783.jpg,http://ecx.images-amazon.com/images/I/51jkYObuF3L.jpg,The Responsible Company: What We've Learned From Patagonia's First 40 Years,Yvon Chouinard,2,Business & Money,1.5,3
145,470947748,0470947748.jpg,http://ecx.images-amazon.com/images/I/51amp-ymHRL.jpg,Coaching for Leadership: Writings on Leadership from the World's Greatest Coaches,Marshall Goldsmith,2,Business & Money,1.5,5
146,1586486993,1586486993.jpg,http://ecx.images-amazon.com/images/I/51TNgjsne6L.jpg,The Crash of 2008 and What it Means: The New Paradigm for Financial Markets,George Soros,2,Business & Money,4.5,2
147,1845640446,1845640446.jpg,http://ecx.images-amazon.com/images/I/51B1WVKJWTL.jpg,Sustainable Tourism II,C. A. Brebbia,2,Business & Money,4.0,4
148,787975400,0787975400.jpg,http://ecx.images-amazon.com/images/I/51m3jtUKSIL.jpg,Bookkeeping for Nonprofits: A Step-by-Step Guide to Nonprofit Accounting,Murray Dropkin,2,Business & Money,0.0,9
149,1634594010,1634594010.jpg,http://ecx.images-amazon.com/images/I/4144d7tBalL.jpg,Uniform Trust and Estate Statutes (Selected Statutes),Thomas Gallanis,2,Business & Money,2.0,5
150,145632134X,145632134X.jpg,http://ecx.images-amazon.com/images/I/51g3HZYVS3L.jpg,Hidden Credit Repair Secrets: Step-by-Step 6 Letter Dispute Plan Included,Mark Clayborne,2,Business & Money,4.0,3
151,1449406920,1449406920.jpg,http://ecx.images-amazon.com/images/I/61VYdi11yPL.jpg,Quilting: 2012 Day-to-Day Calendar,Accord Publishing,3,Calendars,3.5,6
152,761183736,0761183736.jpg,http://ecx.images-amazon.com/images/I/61sMVEchJHL.jpg,365 Bible Verses-A-Year Color Page-A-Day Calendar 2016,Workman Publishing,3,Calendars,1.0,1
153,1438832818,1438832818.jpg,http://ecx.images-amazon.com/images/I/61apbQaALKL.jpg,Harley Davidson 2015 Premium Wall Calendar,Trends International,3,Calendars,0.0,3
154,761183272,0761183272.jpg,http://ecx.images-amazon.com/images/I/61Y5cOdHJbL.jpg,Mom's Family Wall Calendar 2016,Sandra Boynton,3,Calendars,2.5,2
155,1624382029,1624382029.jpg,http://ecx.images-amazon.com/images/I/61gzAJyWx9L.jpg,2016 Susan Branch Mini Calendar,Susan Branch,3,Calendars,3.5,4
156,1505661250,1505661250.jpg,http://ecx.images-amazon.com/images/I/51v6FdeXsvL.jpg,Orchids Calendar 2015: 16 Month Calendar,James Bates,3,Calendars,0.5,3
157,1465034013,1465034013.jpg,http://ecx.images-amazon.com/images/I/61zzlteO7zL.jpg,Nashville 2015 Square 12x12,BrownTrout,3,Calendars,0.5,6
158,1629053015,1629053015.jpg,http://ecx.images-amazon.com/images/I/61i92B2EfCL.jpg,Harry Potter Poster Wall Calendar (2016),Day Dream,3,Calendars,4.5,3
159,1594906564,1594906564.jpg,http://ecx.images-amazon.com/images/I/51x4D3hAhzL.jpg,Powwow Calendar,Chris Roberts,3,Calendars,3.5,7
160,62419129,0062419129.jpg,http://ecx.images-amazon.com/images/I/61gzyKDdf4L.jpg,Tolkien Calendar 2016,J. R. R. Tolkien,3,Calendars,2.0,5
161,1465046216,1465046216.jpg,http://ecx.images-amazon.com/images/I/61SBq3x0rHL.jpg,Texas Wildflowers 2016 Square 12x12,Browntrout Publishers,3,Calendars,3.0,1
162,486417468,0486417468.jpg,http://ecx.images-amazon.com/images/I/512gMPdv4%2BL.jpg,Little Advent Calendar Sticker Activity Book (Dover Little Activity Books Stickers),Marty Noble,3,Calendars,1.5,5
163,1631360116,1631360116.jpg,http://ecx.images-amazon.com/images/I/61785ziDOUL.jpg,Environmental Art 2016 Wall Calendar: Contemporary Art in the Natural World,Amber Lotus Publishing,3,Calendars,4.0,2
164,1419716042,1419716042.jpg,http://ecx.images-amazon.com/images/I/61uIIS4e1CL.jpg,Forest Feast 2016 Wall Calendar,Erin Gleeson,3,Calendars,2.5,9
165,163136037X,163136037X.jpg,http://ecx.images-amazon.com/images/I/61dqoVRJfDL.jpg,Shepard Fairey 2016 Wall Calendar: Graphic Activist,Shepard Fairey,3,Calendars,4.0,3
166,1517514967,1517514967.jpg,http://ecx.images-amazon.com/images/I/41dVo1MGEbL.jpg,Wooden Boats Pocket Monthly Planner 2016: 16 Month Calendar,Jack Smith,3,Calendars,2.5,2
167,1624381243,1624381243.jpg,http://ecx.images-amazon.com/images/I/61zruy9I5XL.jpg,2016 On Broadway Wall Calendar,Playbill,3,Calendars,1.5,1
168,1610463285,1610463285.jpg,http://ecx.images-amazon.com/images/I/61beC0%2BGaXL.jpg,2016 Jewel of the Lotus Wall Calendar,Brush Dance,3,Calendars,1.0,5
169,1933790377,1933790377.jpg,http://ecx.images-amazon.com/images/I/61el07pThpL.jpg,2016 Western Horse Desk Datebook,David R. Stoecklein,3,Calendars,3.5,5
170,1629052787,1629052787.jpg,http://ecx.images-amazon.com/images/I/51Ya1ZRV9bL.jpg,Kittens Mini Wall Calendar (2016),Day Dream,3,Calendars,1.0,9
171,789329832,0789329832.jpg,http://ecx.images-amazon.com/images/I/51oNRQO3S5L.jpg,Ferrari 2016 Wall Calendar: Official GT Calendar,Universe Publishing,3,Calendars,0.5,6
172,B01229PGDM,B01229PGDM.jpg,http://ecx.images-amazon.com/images/I/51bAJW5K9rL.jpg,Disney Fairies 2016 Wall Calendar (12 Months),,3,Calendars,5.0,4
173,1937747387,1937747387.jpg,http://ecx.images-amazon.com/images/I/51WH3iV-WjL.jpg,Adventure Motorcycle Calendar 2015,Lee Klancher,3,Calendars,2.0,10
174,789328488,0789328488.jpg,http://ecx.images-amazon.com/images/I/61CRjJtJTEL.jpg,Star Trek 2015 Wall Calendar: Ships of the LIne,CBS,3,Calendars,4.5,3
175,157198710X,157198710X.jpg,http://ecx.images-amazon.com/images/I/61SFjgbcQcL.jpg,The Old Farmer's Almanac 2017 Gardening Calendar,Old Farmer�E��Es Almanac,3,Calendars,3.0,10
176,1416297804,1416297804.jpg,http://ecx.images-amazon.com/images/I/51S5Gee6CrL.jpg,The Wilderness Society 2016 Wall Calendar,Ron and Patty Thomas Photography/ Getty images,3,Calendars,1.5,2
177,1594909148,1594909148.jpg,http://ecx.images-amazon.com/images/I/511DoKwbuPL.jpg,"2014 Sailing World, Dr. Crash",Dr. Crash,3,Calendars,4.5,9
178,1416296816,1416296816.jpg,http://ecx.images-amazon.com/images/I/61vK5JItIUL.jpg,The Chew; Food. Life. Fun. 2015 Boxed Calendar,American Broadcasting Companies,3,Calendars,4.0,2
179,3955704688,3955704688.jpg,http://ecx.images-amazon.com/images/I/61Z3LyziELL.jpg,Regatta (Wonderful World),Tushita Publishing,3,Calendars,2.5,1
180,761177817,0761177817.jpg,http://ecx.images-amazon.com/images/I/51Ef9B17tAL.jpg,Mom's Family 2015 Desk Planner,Sandra Boynton,3,Calendars,2.5,6
181,1438833547,1438833547.jpg,http://ecx.images-amazon.com/images/I/51TyNyWwMrL.jpg,Sports Illustrated Swimsuit 2015 DVD Wall Calendar,Trends International,3,Calendars,4.0,6
182,1416298304,1416298304.jpg,http://ecx.images-amazon.com/images/I/619iyawfFRL.jpg,Nature of Trees 2016 Mini Calendar,Paul Kozal,3,Calendars,3.5,10
183,789330075,0789330075.jpg,http://ecx.images-amazon.com/images/I/71uXQBppbzL.jpg,tokidoki 2016 Wall Calendar,Simone Legno,3,Calendars,2.0,1
184,741251140,0741251140.jpg,http://ecx.images-amazon.com/images/I/61FYN91DpiL.jpg,Horses in the Mist 2016 Calendar: Bonus Download,,3,Calendars,3.0,5
185,1579393306,1579393306.jpg,http://ecx.images-amazon.com/images/I/51JC1h5rX3L.jpg,Knitting Pattern-a-Day: 2008 Day-to-Day Calendar,Desiree Scales,3,Calendars,1.0,5
186,1416290621,1416290621.jpg,http://ecx.images-amazon.com/images/I/41k6rmzEzsL.jpg,Angels 2013 Checkbook (calendar),Sellers Publishing,3,Calendars,0.5,4
187,1616264039,1616264039.jpg,http://ecx.images-amazon.com/images/I/51awbCTeYeL.jpg,365 LITTLE REASONS TO CELEBRATE TODAY! (365 Perpetual Calendars),,3,Calendars,2.0,4
188,1465016953,1465016953.jpg,http://ecx.images-amazon.com/images/I/61dimMmhskL.jpg,Dressage Calendar (Multilingual Edition),,3,Calendars,1.5,7
189,1609330536,1609330536.jpg,http://ecx.images-amazon.com/images/I/51lFLl-gmsL.jpg,"13 Book Collection: Calendar Mysteries January Joker, February Friend, March Mischief, April Adventure, May Magic, June Jam, July Jitters, August Acrobat, September Sneakers, October Ogre, November Night, December Dog, New Year's Eve Thieves",Ron Roy,3,Calendars,2.0,6
190,1780543107,1780543107.jpg,http://ecx.images-amazon.com/images/I/61zH1yulB8L.jpg,Official Big Bang Theory 2014 Calendar,,3,Calendars,2.0,6
191,1517092191,1517092191.jpg,http://ecx.images-amazon.com/images/I/514iu2SvygL.jpg,Cupcakes Mini Wall Calendar 2016: 16 Month Calendar,Jack Smith,3,Calendars,1.5,9
192,1624382401,1624382401.jpg,http://ecx.images-amazon.com/images/I/51wi9-fb2ML.jpg,2016 Keep Calm and Quote Movies Daily Desktop Calendar,TF Publishing,3,Calendars,3.0,1
193,1629055948,1629055948.jpg,http://ecx.images-amazon.com/images/I/61vQWDEZm8L.jpg,Pacific Coast Wall Calendar (2016),Landmark,3,Calendars,0.0,7
194,1847576303,1847576303.jpg,http://ecx.images-amazon.com/images/I/61joUYPmlvL.jpg,"Anne Stokes 2016 ""The Realms"" 16 Month Wall Calendar",,3,Calendars,1.0,8
195,876126190,0876126190.jpg,http://ecx.images-amazon.com/images/I/41dU5N1S39L.jpg,Inner Reflections 2016 Engagement Calendar,Paramahansa Yogananda,3,Calendars,2.0,2
196,1939563259,1939563259.jpg,http://ecx.images-amazon.com/images/I/619SmmSDhWL.jpg,Primal Blueprint Page-A-Day 2017 Desk Calendar,Mark Sisson,3,Calendars,3.0,8
197,1770855548,1770855548.jpg,http://ecx.images-amazon.com/images/I/51xQi8x0K3L.jpg,Meteo 2016: Avec retrospective quotidienne (French Edition),Firefly Books,3,Calendars,5.0,1
198,760348723,0760348723.jpg,http://ecx.images-amazon.com/images/I/51762fSftjL.jpg,American Muscle Cars 2016 Mini: 16-Month Calendar September 2015 through December 2016,,3,Calendars,2.5,2
199,143884333X,143884333X.jpg,http://ecx.images-amazon.com/images/I/51zkMUVFuKL.jpg,Wine For Dummies Day At A Time 2016 Box Calendar,Trends International,3,Calendars,1.5,9
200,1604680075,1604680075.jpg,http://ecx.images-amazon.com/images/I/61AJQZBEc2L.jpg,That Patchwork Place Quilt Calendar 2011,That Patchwork Place,3,Calendars,1.0,10
201,1580376223,1580376223.jpg,http://ecx.images-amazon.com/images/I/51dzyv0B3aL.jpg,"Exploring Asia, Grades 5 - 8 (Continents of the World)",Michael Kramme Ph.D.,4,Children's Books,4.0,7
202,735315051,0735315051.jpg,http://ecx.images-amazon.com/images/I/51o-frXx-DL.jpg,Kids' Travel Specialty Journal,Mudpuppy,4,Children's Books,2.0,10
203,980083508,0980083508.jpg,http://ecx.images-amazon.com/images/I/519eQtuAvRL.jpg,The Leprechaun Trap: A Family Tradition For Saint Patrick's Day,David Clinch,4,Children's Books,2.5,10
204,735842396,0735842396.jpg,http://ecx.images-amazon.com/images/I/41S9xjjH5sL.jpg,Coco and the Little Black Dress,Annmarie Van Haeringen,4,Children's Books,1.0,5
205,811834778,0811834778.jpg,http://ecx.images-amazon.com/images/I/51OAPa%2BKoYL.jpg,The Elves and the Shoemaker,Jacob Grimm,4,Children's Books,3.0,1
206,792253841,0792253841.jpg,http://ecx.images-amazon.com/images/I/51BW3QHBD7L.jpg,National Geographic Investigates: Ancient Africa: Archaeology Unlocks the Secrets of Africa's Past,Victoria Sherrow,4,Children's Books,1.0,3
207,547612184,0547612184.jpg,http://ecx.images-amazon.com/images/I/51kGT-ebl3L.jpg,Martin de Porres: The Rose in the Desert (Americas Award for Children's and Young Adult Literature. Honorable Mention),Gary D. Schmidt,4,Children's Books,1.5,7
208,545826276,0545826276.jpg,http://ecx.images-amazon.com/images/I/61YSo2ugCxL.jpg,Superstars of Science,R.G. Grant,4,Children's Books,0.5,10
209,618111190,0618111190.jpg,http://ecx.images-amazon.com/images/I/51GNmLiqUJL.jpg,The Snake Scientist (Scientists in the Field Series),Sy Montgomery,4,Children's Books,2.0,1
210,763672939,0763672939.jpg,http://ecx.images-amazon.com/images/I/41WOiIRjWhL.jpg,Shh! We Have a Plan (Irma S and James H Black Honor for Excellence in Children's Literature (Awards)),Chris Haughton,4,Children's Books,1.5,3
211,938256920,0938256920.jpg,http://ecx.images-amazon.com/images/I/51Gh%2BYAbFaL.jpg,Subtraction 0-12 Flash Cards,School Zone Publishing Company Staff,4,Children's Books,1.0,2
212,1631377892,1631377892.jpg,http://ecx.images-amazon.com/images/I/61P7Apsz-xL.jpg,Maintaining a Positive Digital Footprint (Information Explorer Junior),Jeff McHugh,4,Children's Books,2.0,7
213,756511577,0756511577.jpg,http://ecx.images-amazon.com/images/I/51aLhASoyjL.jpg,Hockey for Fun! (For Fun!: Sports series),Sandra Will,4,Children's Books,0.5,7
214,1476535167,1476535167.jpg,http://ecx.images-amazon.com/images/I/61-N%2B0RMhNL.jpg,Mexico (Countries),Christine Juarez,4,Children's Books,5.0,7
215,1616894563,1616894563.jpg,http://ecx.images-amazon.com/images/I/41Qd8j51SLL.jpg,Vincent van Gogh: Meet the Artist!,Patricia Geis,4,Children's Books,3.5,6
216,803741383,0803741383.jpg,http://ecx.images-amazon.com/images/I/51nbW8guZ0L.jpg,Seven Orange Pumpkins board book,Stephen Savage,4,Children's Books,2.5,4
217,753458047,0753458047.jpg,http://ecx.images-amazon.com/images/I/51TjI2OZFQL.jpg,Are You a Bee? (Backyard Books),Judy Allen,4,Children's Books,2.0,4
218,545533643,0545533643.jpg,http://ecx.images-amazon.com/images/I/51R1ZbyGP3L.jpg,"Dreidel, Dreidel, Dreidel!",,4,Children's Books,3.0,8
219,545290791,0545290791.jpg,http://ecx.images-amazon.com/images/I/41jIgmsYB%2BL.jpg,Cut,Patricia McCormick,4,Children's Books,4.0,10
220,1429617667,1429617667.jpg,http://ecx.images-amazon.com/images/I/51-8Zhlu9GL.jpg,Westward Expansion: An Interactive History Adventure (You Choose: History),Allison Lassieur,4,Children's Books,1.5,4
221,761171894,0761171894.jpg,http://ecx.images-amazon.com/images/I/51XoGW9szwL.jpg,"Jokelopedia, Third Edition: The Biggest, Best, Silliest, Dumbest Joke Book Ever!",Eva Blank,4,Children's Books,5.0,3
222,1936261294,1936261294.jpg,http://ecx.images-amazon.com/images/I/51OpwdFmoaL.jpg,Maddi's Fridge,Lois Brandt,4,Children's Books,5.0,10
223,531252299,0531252299.jpg,http://ecx.images-amazon.com/images/I/5178Fo2TmBL.jpg,The Ancient Maya (True Books: Ancient Civilizations),Jackie Maloy,4,Children's Books,2.5,8
224,994817711,0994817711.jpg,http://ecx.images-amazon.com/images/I/61vVzKDjTqL.jpg,Fuzzy Forensics: DNA Fingerprinting Gets Wild,L. E. Carmichael,4,Children's Books,1.0,3
225,756638763,0756638763.jpg,http://ecx.images-amazon.com/images/I/51R0M3dj7ML.jpg,Ultimate Sticker Book: John Deere: Tractors (Ultimate Sticker Books),DK Publishing,4,Children's Books,0.0,10
226,375823034,0375823034.jpg,http://ecx.images-amazon.com/images/I/51F0B5j99sL.jpg,"Raptor Pack (Step-into-Reading, Step 5)",Dr. Robert T. Bakker,4,Children's Books,5.0,7
227,689878257,0689878257.jpg,http://ecx.images-amazon.com/images/I/51ei9wqxnHL.jpg,Abiyoyo (Stories to Go!) Paperback,Pete Seeger,4,Children's Books,2.0,2
228,590397265,0590397265.jpg,http://ecx.images-amazon.com/images/I/51M7YBS52WL.jpg,If You Lived With The Hopi Indians,Anne Kamma,4,Children's Books,2.5,1
229,142630918X,142630918X.jpg,http://ecx.images-amazon.com/images/I/610XgDTaSkL.jpg,"National Geographic Kids 125 True Stories of Amazing Animals: Inspiring Tales of Animal Friendship & Four-Legged Heroes, Plus Crazy Animal Antics",National Geographic Kids,4,Children's Books,1.0,2
230,590483838,0590483838.jpg,http://ecx.images-amazon.com/images/I/51bBwfOhm7L.jpg,Light The Lights! A Story About Celebrating Hanukkah And Christmas,Margaret Moorman,4,Children's Books,1.0,1
231,1927173558,1927173558.jpg,http://ecx.images-amazon.com/images/I/51M86a5NzDL.jpg,Environmental Science (3rd Edition) Student Workbook,Tracey Greenwood,4,Children's Books,0.0,4
232,545646286,0545646286.jpg,http://ecx.images-amazon.com/images/I/61nZeA72f7L.jpg,Dragon Masters #3: Secret of the Water Dragon (A Branches Book),Tracey West,4,Children's Books,2.0,7
233,618605878,0618605878.jpg,http://ecx.images-amazon.com/images/I/61tnrTqOWCL.jpg,Curious George the Movie: Touch and Feel Book,H. A. Rey,4,Children's Books,1.5,6
234,394800923,0394800923.jpg,http://ecx.images-amazon.com/images/I/51t50BWM-0L.jpg,I Had Trouble in Getting to Solla Sollew,Dr. Seuss,4,Children's Books,0.0,8
235,763679585,0763679585.jpg,http://ecx.images-amazon.com/images/I/5111V-HRd7L.jpg,Snow,Sam Usher,4,Children's Books,1.0,2
236,1449449700,1449449700.jpg,http://ecx.images-amazon.com/images/I/51%2B%2Bl5zMOZL.jpg,Charlie Brown and Friends: A Peanuts Collection (Amp! Comics for Kids),Charles M. Schulz,4,Children's Books,4.0,1
237,1584301570,1584301570.jpg,http://ecx.images-amazon.com/images/I/510v2rWohdL.jpg,Passage to Freedom: The Sugihara Story,Ken Mochizuki,4,Children's Books,0.0,5
238,307021688,0307021688.jpg,http://ecx.images-amazon.com/images/I/51BzOEsmoFL.jpg,Tawny Scrawny Lion (Little Golden Book),Kathryn Jackson,4,Children's Books,2.5,8
239,1939629659,1939629659.jpg,http://ecx.images-amazon.com/images/I/51RjWAsmZsL.jpg,Book,David W Miles,4,Children's Books,4.0,1
240,811872351,0811872351.jpg,http://ecx.images-amazon.com/images/I/51QG8oF8WhL.jpg,On a Beam of Light: A Story of Albert Einstein,Jennifer Berne,4,Children's Books,0.5,2
241,1484724976,1484724976.jpg,http://ecx.images-amazon.com/images/I/517-Z0Wk6nL.jpg,Journey to Star Wars: The Force Awakens Moving Target: A Princess Leia Adventure (Star Wars: Journey to Star Wars: the Force Awakens),Cecil Castellucci,4,Children's Books,2.5,7
242,1582349908,1582349908.jpg,http://ecx.images-amazon.com/images/I/51T0-j4GwzL.jpg,The Goose Girl (Books of Bayern),Shannon Hale,4,Children's Books,1.5,4
243,1554514770,1554514770.jpg,http://ecx.images-amazon.com/images/I/61wuHjyAAAL.jpg,"The Arab World Thought of It: Inventions, Innovations, and Amazing Facts (We Thought Of It)",Saima Hussain,4,Children's Books,5.0,2
244,307980790,0307980790.jpg,http://ecx.images-amazon.com/images/I/51MAiJ98fwL.jpg,Lunch Lady and the Video Game Villain: Lunch Lady #9,Jarrett J. Krosoczka,4,Children's Books,2.5,4
245,544416643,0544416643.jpg,http://ecx.images-amazon.com/images/I/51vpblrTubL.jpg,Inside Biosphere 2: Earth Science Under Glass (Scientists in the Field Series),Mary Kay Carson,4,Children's Books,2.5,2
246,1851032258,1851032258.jpg,http://ecx.images-amazon.com/images/I/510WDH495NL.jpg,The Body (First Discoveries),Sylvaine Peyrols,4,Children's Books,2.0,8
247,615473938,0615473938.jpg,http://ecx.images-amazon.com/images/I/61F9ycvvMoL.jpg,Spaghetti in A Hot Dog Bun: Having the Courage to Be Who You Are,Maria Dismondy,4,Children's Books,2.5,2
248,1551431327,1551431327.jpg,http://ecx.images-amazon.com/images/I/01DQAGBVXCL.jpg,The Fox's Kettle,Laura Langston,4,Children's Books,2.0,1
249,1423146778,1423146778.jpg,http://ecx.images-amazon.com/images/I/519Y6BS1inL.jpg,"The House of Hades (Heroes of Olympus, The, Book Four) (The Heroes of Olympus)",Rick Riordan,4,Children's Books,3.0,1
250,718827058,0718827058.jpg,http://ecx.images-amazon.com/images/I/51exD8tOR7L.jpg,History of Australia,Manning Clark,4,Children's Books,3.5,4
251,934977143,0934977143.jpg,http://ecx.images-amazon.com/images/I/51LytLe6wYL.jpg,Visions of Heaven & Hell Before Dante,Eileen Gardiner,9,Christian Books & Bibles,5.0,4
252,829440917,0829440917.jpg,http://ecx.images-amazon.com/images/I/51diM229O2L.jpg,Pope Francis: Why He Leads the Way He Leads,Chris Lowney,9,Christian Books & Bibles,3.0,2
253,1495315339,1495315339.jpg,http://ecx.images-amazon.com/images/I/41QaVYaqLLL.jpg,Martin Luther's Large & Small Catechisms,Martin Luther,9,Christian Books & Bibles,3.5,6
254,814613888,0814613888.jpg,http://ecx.images-amazon.com/images/I/41LISrX60-L.jpg,Seeking God: The Way of St. Benedict,Esther de Waal,9,Christian Books & Bibles,1.0,1
255,310287294,0310287294.jpg,http://ecx.images-amazon.com/images/I/51eCZDq7e6L.jpg,The Gospel According to Jesus: What Is Authentic Faith?,John MacArthur,9,Christian Books & Bibles,4.5,6
256,1612787169,1612787169.jpg,http://ecx.images-amazon.com/images/I/518Nx%2BJ8eTL.jpg,"Encyclopedia of Saints, Second Edition",Matthew Bunson,9,Christian Books & Bibles,2.0,1
257,310718821,0310718821.jpg,http://ecx.images-amazon.com/images/I/51faCeijWPL.jpg,"Moses, God's Brave Servant: Biblical Values (I Can Read! / Dennis Jones Series)",,9,Christian Books & Bibles,1.5,6
258,687025893,0687025893.jpg,http://ecx.images-amazon.com/images/I/41M4AMDQ7KL.jpg,Sustaining Presence: A Model of Caring by People of Faith,Earl E. Shelp,9,Christian Books & Bibles,3.5,3
259,802428827,0802428827.jpg,http://ecx.images-amazon.com/images/I/51zDbbMNZ9L.jpg,From God To Us Revised and Expanded: How We Got Our Bible,Norman L. Geisler,9,Christian Books & Bibles,1.0,9
260,448482991,0448482991.jpg,http://ecx.images-amazon.com/images/I/51Qk4pHjv8L.jpg,Who Was Mother Teresa?,Jim Gigliotti,9,Christian Books & Bibles,0.5,4
261,842314989,0842314989.jpg,http://ecx.images-amazon.com/images/I/41U374pKxGL.jpg,The Holiness of God (Revision),R. C. Sproul,9,Christian Books & Bibles,0.5,9
262,198711557,0198711557.jpg,http://ecx.images-amazon.com/images/I/51KlGuAqgpL.jpg,Oxford Guides to Chaucer: The Canterbury Tales,Helen Cooper,9,Christian Books & Bibles,3.0,10
263,B00DIAP1PI,B00DIAP1PI.jpg,http://ecx.images-amazon.com/images/I/51pQgHsTuqL.jpg,La Honra del Ministerio (Spanish Edition),Juan Radhamés Fernández,9,Christian Books & Bibles,3.0,8
264,679731180,0679731180.jpg,http://ecx.images-amazon.com/images/I/51jFoaNuCOL.jpg,"The Origin of Satan: How Christians Demonized Jews, Pagans, and Heretics",Elaine Pagels,9,Christian Books & Bibles,5.0,6
265,984980520,0984980520.jpg,http://ecx.images-amazon.com/images/I/51fRxr7ukUL.jpg,Understanding Worship,Dr Opoku Onyinah,9,Christian Books & Bibles,2.5,2
266,1400322901,1400322901.jpg,http://ecx.images-amazon.com/images/I/51Gz%2BVUIziL.jpg,Jesus Today - Deluxe Edition: Experience Hope Through His Presence,Sarah Young,9,Christian Books & Bibles,2.0,6
267,785250255,0785250255.jpg,http://ecx.images-amazon.com/images/I/51sdTbmYJHL.jpg,"Swindoll's Ultimate Book of Illustrations & Quotes: Over 1,500 Ways to Effectively Drive Home Your Message",Charles R. Swindoll,9,Christian Books & Bibles,4.5,9
268,310273196,0310273196.jpg,http://ecx.images-amazon.com/images/I/61xOTmGN8tL.jpg,Systematic Theology Laminated Sheet (Zondervan Get an A! Study Guides),Wayne A. Grudem,9,Christian Books & Bibles,2.0,7
269,1579104509,1579104509.jpg,http://ecx.images-amazon.com/images/I/417MhZWQunL.jpg,Twas Seeding Time:,John Landis Ruth,9,Christian Books & Bibles,5.0,4
270,664220320,0664220320.jpg,http://ecx.images-amazon.com/images/I/21RxmPMr0bL.jpg,Book of Common Worship Daily Prayer,Westminster John Knox Press,9,Christian Books & Bibles,3.0,1
271,1493561340,1493561340.jpg,http://ecx.images-amazon.com/images/I/51PI-iFF7%2BL.jpg,Embracing a Beautiful God:  Tenth Anniversary Edition,Patricia Adams Farmer,9,Christian Books & Bibles,4.5,1
272,877849412,0877849412.jpg,http://ecx.images-amazon.com/images/I/41J92kK79oL.jpg,How to Read the Psalms (How to Read Series),Tremper Longman III,9,Christian Books & Bibles,4.5,9
273,825410339,0825410339.jpg,http://ecx.images-amazon.com/images/I/51rS7m6ltzL.jpg,Reseña crítica de una introduccion al Antiguo Testamento (Spanish Edition),Gleason Archer,9,Christian Books & Bibles,3.5,7
274,1621380157,1621380157.jpg,http://ecx.images-amazon.com/images/I/51XTLezZyRL.jpg,"Heralds of the Second Coming: Our Lady, the Divine Mercy, and the Popes of the Marian Era from Blessed Pius IX to Benedict XVI",Stephen Walford,9,Christian Books & Bibles,3.0,4
275,874511178,0874511178.jpg,http://ecx.images-amazon.com/images/I/31QkxxHWO4L.jpg,"Shaker Literature: A Bibliography In Two Volumes: Volume 1: By The Shakers, Volume 2: About The Shakers",,9,Christian Books & Bibles,1.5,6
276,1614275769,1614275769.jpg,http://ecx.images-amazon.com/images/I/51iKLDXPBFL.jpg,The New-England Primer [1777 Facsimile]: Improved for the More Easy Attaining the True Reading of English,John Cotton,9,Christian Books & Bibles,4.0,5
277,805447571,0805447571.jpg,http://ecx.images-amazon.com/images/I/41105NN-srL.jpg,The Lord's Supper: Remembering and Proclaiming Christ Until He Comes (New American Commentary Studies in Bible & Theology),,9,Christian Books & Bibles,1.5,7
278,830840532,0830840532.jpg,http://ecx.images-amazon.com/images/I/51aNFZ2K4TL.jpg,Evangelical Postcolonial Conversations: Global Awakenings in Theology and Praxis,,9,Christian Books & Bibles,4.5,3
279,1570756317,1570756317.jpg,http://ecx.images-amazon.com/images/I/413AFRGY51L.jpg,"John Paul 2: The Encyclicals in Everyday Language, Definitive Edition of All Fourteen Encyclicals",,9,Christian Books & Bibles,0.0,10
280,1470726882,1470726882.jpg,http://ecx.images-amazon.com/images/I/41KrWx4iv6L.jpg,"Jesus-Centered Bible NLT, Charcoal",Group Publishing,9,Christian Books & Bibles,3.5,3
281,1461148677,1461148677.jpg,http://ecx.images-amazon.com/images/I/51e8Femo3xL.jpg,Seasons: A Real Story of an Amish Girl,Elizabeth Byler Younts,9,Christian Books & Bibles,3.0,8
282,800628640,0800628640.jpg,http://ecx.images-amazon.com/images/I/51FOUe1U-OL.jpg,"Grief, Transition, and Loss: A Pastor's Practical Guide (Creative Pastoral Care & Counseling)",Wayne E. Oates,9,Christian Books & Bibles,3.5,4
283,076428150X,076428150X.jpg,http://ecx.images-amazon.com/images/I/518GVE8142L.jpg,An Untamed Land/A New Day Rising/A Land to Call Home (Red River of the North Pack #1-3),Lauraine Snelling,9,Christian Books & Bibles,4.5,1
284,764824511,0764824511.jpg,http://ecx.images-amazon.com/images/I/517GJPpySyL.jpg,Doors to the Sacred: A Historical Introduction to Sacraments in the Catholic Church,Joseph Martos,9,Christian Books & Bibles,2.0,1
285,800698045,0800698045.jpg,http://ecx.images-amazon.com/images/I/51VsLcrc9bL.jpg,"Martin Luther, the Bible, and the Jewish People: A Reader",Brooks Schramm,9,Christian Books & Bibles,2.0,6
286,1400205395,1400205395.jpg,http://ecx.images-amazon.com/images/I/515gomXB9lL.jpg,"Jesus > Religion: Why He Is So Much Better Than Trying Harder, Doing More, and Being Good Enough",Jefferson Bethke,9,Christian Books & Bibles,0.5,3
287,801049539,0801049539.jpg,http://ecx.images-amazon.com/images/I/51QAkyEDC3L.jpg,Encountering the Old Testament: A Christian Survey (Encountering Biblical Studies),Bill T. Arnold,9,Christian Books & Bibles,0.0,2
288,B001K56P4Y,B001K56P4Y.jpg,http://ecx.images-amazon.com/images/I/51dwb82uf2L.jpg,Words of Inspiration,,9,Christian Books & Bibles,1.5,8
289,9901117097,9901117097.jpg,http://ecx.images-amazon.com/images/I/41oYP8UwAuL.jpg,Bible Cover Extra Large Black Corinthian Leather,World Bible Publishing,9,Christian Books & Bibles,4.5,4
290,1890947075,1890947075.jpg,http://ecx.images-amazon.com/images/I/51DQRAS1D9L.jpg,Creation and Evolution pamphlet- pkg of 5 pamphlets (Clear Reasons to Doubt Darwinian Evolution),Rose Publishing,9,Christian Books & Bibles,5.0,4
291,1617952753,1617952753.jpg,http://ecx.images-amazon.com/images/I/51FUroRITUL.jpg,Hacker (Outlaw Chronicles),Ted Dekker,9,Christian Books & Bibles,4.0,1
292,664251927,0664251927.jpg,http://ecx.images-amazon.com/images/I/41dG4Fxf%2BdL.jpg,Basic Christian Doctrine,John H. Leith,9,Christian Books & Bibles,2.0,4
293,083081650X,083081650X.jpg,http://ecx.images-amazon.com/images/I/41KdLW3GkCL.jpg,Knowing God,J. I. Packer,9,Christian Books & Bibles,0.0,3
294,825424682,0825424682.jpg,http://ecx.images-amazon.com/images/I/51Q7eC3MfrL.jpg,Kregel Pictorial Guide to the Tabernacle (Kregel Pictorial Guides) (The Kregel Pictorial Guide Series),Tim Dowley,9,Christian Books & Bibles,1.5,6
295,883684268,0883684268.jpg,http://ecx.images-amazon.com/images/I/51oxGLCFiBL.jpg,Smith Wigglesworth On Healing,Smith Wigglesworth,9,Christian Books & Bibles,5.0,2
296,1578566827,1578566827.jpg,http://ecx.images-amazon.com/images/I/51Ahpft%2B%2BnL.jpg,Being God's Man in Leading a Family (The Every Man Series),Stephen Arterburn,9,Christian Books & Bibles,1.5,1
297,1470707969,1470707969.jpg,http://ecx.images-amazon.com/images/I/51uHBWoX07L.jpg,Veggie Tales: Thankfulness: 4 Sunday School Lessons,Group Publishing,9,Christian Books & Bibles,2.5,2
298,901689815,0901689815.jpg,http://ecx.images-amazon.com/images/I/412gfp5bY0L.jpg,Science and the Unseen World,Arthur Stanley Eddington,9,Christian Books & Bibles,2.5,2
299,61252301,0061252301.jpg,http://ecx.images-amazon.com/images/I/518QmoNIeeL.jpg,"Front Porch Tales: Warm Hearted Stories of Family, Faith, Laughter and Love",Philip Gulley,9,Christian Books & Bibles,1.0,1
300,1558580093,1558580093.jpg,http://ecx.images-amazon.com/images/I/511OalDiCbL.jpg,The Rainbow Fish,Marcus Pfister,9,Christian Books & Bibles,5.0,3
301,316263842,0316263842.jpg,http://ecx.images-amazon.com/images/I/61cVdOBe7qL.jpg,"Log Horizon, Vol. 3: Game's End, Part 1",Mamare Touno,5,Comics & Graphic Novels,0.5,8
302,1628461586,1628461586.jpg,http://ecx.images-amazon.com/images/I/61AVdGhrDZL.jpg,Asian Comics,John A. Lent,5,Comics & Graphic Novels,2.5,4
303,1421519232,1421519232.jpg,http://ecx.images-amazon.com/images/I/516mSDUo8QL.jpg,"Naoki Urasawa's 20th Century Boys, Vol. 4",Naoki Urasawa,5,Comics & Graphic Novels,1.0,10
304,B0029NFWN6,B0029NFWN6.jpg,http://ecx.images-amazon.com/images/I/21ppdosOqpL.jpg,Sex to Sexty # 32 (Early American),,5,Comics & Graphic Novels,4.0,8
305,B001H1EPB6,B001H1EPB6.jpg,http://ecx.images-amazon.com/images/I/61ZhqmPekML.jpg,"Animerica Extra (Volume 2, No. 5)",Animerica,5,Comics & Graphic Novels,3.0,8
306,1941220436,1941220436.jpg,http://ecx.images-amazon.com/images/I/51fmHpdTSzL.jpg,A Sky Longing for Memories: The Art of Makoto Shinkai,Makoto Shinkai,5,Comics & Graphic Novels,3.0,2
307,1421575949,1421575949.jpg,http://ecx.images-amazon.com/images/I/61KBk3b11AL.jpg,"Master Keaton, Vol. 5",Naoki Urasawa,5,Comics & Graphic Novels,0.5,3
308,1619490226,1619490226.jpg,http://ecx.images-amazon.com/images/I/51H%2BqBFJ1lL.jpg,Alice in Wonderland,Lewis Carroll,5,Comics & Graphic Novels,0.5,8
309,1605490571,1605490571.jpg,http://ecx.images-amazon.com/images/I/61uCU73WuML.jpg,Swampmen: Muck-Monsters and Their Makers (Comic Book Creator 2014),,5,Comics & Graphic Novels,5.0,9
310,1411498712,1411498712.jpg,http://ecx.images-amazon.com/images/I/51i68NU%2BPxL.jpg,Macbeth (No Fear Shakespeare Graphic Novels),SparkNotes,5,Comics & Graphic Novels,2.5,9
311,1632156059,1632156059.jpg,http://ecx.images-amazon.com/images/I/41%2Bppr3mf8L.jpg,Tales of Honor Volume 2,Matt Hawkins,5,Comics & Graphic Novels,0.5,10
312,1620100010,1620100010.jpg,http://ecx.images-amazon.com/images/I/51YsvbERU-L.jpg,Scott Pilgrim Color Hardcover Volume 2: Vs. The World,Bryan Lee O'Malley,5,Comics & Graphic Novels,0.0,5
313,743222474,0743222474.jpg,http://ecx.images-amazon.com/images/I/5193S9NQW4L.jpg,The Ant or the Grasshopper? (Who's Got Game?),Toni Morrison,5,Comics & Graphic Novels,3.0,3
314,785185690,0785185690.jpg,http://ecx.images-amazon.com/images/I/61HGUIx-vCL.jpg,The Uncanny X-Men Omnibus Volume 1 (New Printing),Chris Claremont,5,Comics & Graphic Novels,1.0,9
315,1616553588,1616553588.jpg,http://ecx.images-amazon.com/images/I/613oAXQdGkL.jpg,New Lone Wolf and Cub Volume 3 (New Lone Wolf & Cub),Kazuo Koike,5,Comics & Graphic Novels,0.0,5
316,1449457991,1449457991.jpg,http://ecx.images-amazon.com/images/I/61HZyNmov6L.jpg,Lunch Wore a Speedo: The Nineteenth Sherman's Lagoon Collection,Jim Toomey,5,Comics & Graphic Novels,3.0,7
317,1606997785,1606997785.jpg,http://ecx.images-amazon.com/images/I/51pRRLuIhTL.jpg,Snoopy's Thanksgiving (Peanuts Seasonal),Charles M. Schulz,5,Comics & Graphic Novels,0.5,9
318,1561637165,1561637165.jpg,http://ecx.images-amazon.com/images/I/51e8sdjTohL.jpg,3 of a Kind,Ivan Guevara,5,Comics & Graphic Novels,5.0,2
319,3867871434,3867871434.jpg,http://ecx.images-amazon.com/images/I/51cl%2BABcaiL.jpg,Illustrations,,5,Comics & Graphic Novels,0.0,5
320,1421577852,1421577852.jpg,http://ecx.images-amazon.com/images/I/51AYZM6CN9L.jpg,"Case Closed, Vol. 57",Gosho Aoyama,5,Comics & Graphic Novels,0.0,7
321,983639752,0983639752.jpg,http://ecx.images-amazon.com/images/I/61SO1ysE%2BRL.jpg,Habemus Papam! Pope Benedict XVI,Regina Doman,5,Comics & Graphic Novels,1.0,3
322,809094703,0809094703.jpg,http://ecx.images-amazon.com/images/I/51PJW5gkyxL.jpg,The United States Constitution: A Graphic Adaptation,Jonathan Hennessey,5,Comics & Graphic Novels,2.0,6
323,1421536277,1421536277.jpg,http://ecx.images-amazon.com/images/I/610eNDRYzHL.jpg,One Piece: East Blue 7-8-9,Eiichiro Oda,5,Comics & Graphic Novels,2.5,10
324,1401259782,1401259782.jpg,http://ecx.images-amazon.com/images/I/51-dKahQ5oL.jpg,Midnighter Vol. 1,Steve Orlando,5,Comics & Graphic Novels,4.0,7
325,988814978,0988814978.jpg,http://ecx.images-amazon.com/images/I/51lwwMHfc3L.jpg,Palefire,MK Reed,5,Comics & Graphic Novels,1.5,10
326,1940589118,1940589118.jpg,http://ecx.images-amazon.com/images/I/61H%2BbO0edIL.jpg,The Sacred Scrolls: Comics on the Planet of the Apes,Rich Handley,5,Comics & Graphic Novels,2.5,5
327,618871713,0618871713.jpg,http://ecx.images-amazon.com/images/I/51WkgRRm22L.jpg,Fun Home: A Family Tragicomic,Alison Bechdel,5,Comics & Graphic Novels,2.0,1
328,785192670,0785192670.jpg,http://ecx.images-amazon.com/images/I/51qhhqKEtYL.jpg,Black Panther by Christopher Priest: The Complete Collection Volume 1,Christopher Priest,5,Comics & Graphic Novels,3.0,6
329,1930315376,1930315376.jpg,http://ecx.images-amazon.com/images/I/51iEFmB162L.jpg,Legend of the Mantamaji: Book 2 (Legend of Mantamaji),Eric Dean Seaton,5,Comics & Graphic Novels,0.0,9
330,754819582,0754819582.jpg,http://ecx.images-amazon.com/images/I/61qbbzMvyhL.jpg,The Practical Encyclopedia of Manga: Learn to Draw Manga Step by Step with More than 1500 Illustrations.,Tim Seelig,5,Comics & Graphic Novels,0.5,4
331,1476747016,1476747016.jpg,http://ecx.images-amazon.com/images/I/41qgvt4zWuL.jpg,I Am Pusheen the Cat,Claire Belton,5,Comics & Graphic Novels,1.5,9
332,1632152320,1632152320.jpg,http://ecx.images-amazon.com/images/I/514CbqIlE3L.jpg,Nailbiter Volume 2: Bloody Hands (Nailbiter Tp),Joshua Williamson,5,Comics & Graphic Novels,2.5,2
333,1401253385,1401253385.jpg,http://ecx.images-amazon.com/images/I/61Yb3gI8-%2BL.jpg,Forever Evil,Geoff Johns,5,Comics & Graphic Novels,5.0,1
334,1632154471,1632154471.jpg,http://ecx.images-amazon.com/images/I/511x%2BNzlVNL.jpg,The Fade Out Volume 2 (Fade Out Tp),Ed Brubaker,5,Comics & Graphic Novels,0.0,2
335,078583284X,078583284X.jpg,http://ecx.images-amazon.com/images/I/61fN0ExzMQL.jpg,Wonder Woman: The War Years 1941-1945,Roy Thomas,5,Comics & Graphic Novels,0.5,3
336,1421541963,1421541963.jpg,http://ecx.images-amazon.com/images/I/61nUD8WAPDL.jpg,"One Piece, Vol. 62",Eiichiro Oda,5,Comics & Graphic Novels,3.5,4
337,1594770689,1594770689.jpg,http://ecx.images-amazon.com/images/I/517tD-F9xzL.jpg,Healing Love through the Tao: Cultivating Female Sexual Energy,Mantak Chia,5,Comics & Graphic Novels,1.5,1
338,1904126006,1904126006.jpg,http://ecx.images-amazon.com/images/I/41KFSR76DJL.jpg,The Shining Ones: The World's Most Powerful Secret Society Revealed,Philip Gardiner,5,Comics & Graphic Novels,1.5,6
339,1421535874,1421535874.jpg,http://ecx.images-amazon.com/images/I/61vkZD-onzL.jpg,"Kaze Hikaru, Vol. 23",Taeko Watanabe,5,Comics & Graphic Novels,3.0,9
340,1477849106,1477849106.jpg,http://ecx.images-amazon.com/images/I/51TLE5PWiwL.jpg,The Hedge Knight: The Graphic Novel (A Game of Thrones),George R. R. Martin,5,Comics & Graphic Novels,0.0,5
341,316309702,0316309702.jpg,http://ecx.images-amazon.com/images/I/51h6%2BjmMkGL.jpg,"School-Live!, Vol. 1",Norimitsu Kaihou (Nitroplus),5,Comics & Graphic Novels,3.5,5
342,1401238386,1401238386.jpg,http://ecx.images-amazon.com/images/I/51J1Pcn8qyL.jpg,Batman and Robin Vol. 1: Born to Kill (The New 52),Peter J. Tomasi,5,Comics & Graphic Novels,3.5,8
343,941423646,0941423646.jpg,http://ecx.images-amazon.com/images/I/51SOQAiPF5L.jpg,The New American Splendor Anthology: From Off the Streets of Cleveland,Harvey Pekar,5,Comics & Graphic Novels,0.0,9
344,1421564645,1421564645.jpg,http://ecx.images-amazon.com/images/I/51eMMhI9HIL.jpg,"Skip Beat! (3-in-1 Edition), Vol. 10: Includes Volumes 28, 29, & 30",Yoshiki Nakamura,5,Comics & Graphic Novels,1.5,10
345,156389470X,156389470X.jpg,http://ecx.images-amazon.com/images/I/51Hu3JqU-pL.jpg,Neil Gaiman and Charles Vess' Stardust,Neil Gaiman,5,Comics & Graphic Novels,4.0,1
346,B0015SDRYW,B0015SDRYW.jpg,http://ecx.images-amazon.com/images/I/61RbfeKT84L.jpg,"The Avengers #104 1972 (The Avengers #104 1972, Vol. 1)",,5,Comics & Graphic Novels,2.0,10
347,1608867560,1608867560.jpg,http://ecx.images-amazon.com/images/I/614DgEUmBcL.jpg,"Mouse Guard Roleplaying Game, 2nd Ed.",David Petersen,5,Comics & Graphic Novels,0.5,2
348,486274268,0486274268.jpg,http://ecx.images-amazon.com/images/I/61cdHyZQL0L.jpg,"The Art of Animal Drawing: Construction, Action Analysis, Caricature (Dover Art Instruction)",Ken Hultgren,5,Comics & Graphic Novels,0.0,2
349,193542999X,193542999X.jpg,http://ecx.images-amazon.com/images/I/51GAw3i4DpL.jpg,Miles Edgeworth: Ace Attorney Investigations 1,Kenji Kuroda,5,Comics & Graphic Novels,0.5,1
350,1449433251,1449433251.jpg,http://ecx.images-amazon.com/images/I/41Fgso%2BvRCL.jpg,The Complete Calvin and Hobbes [BOX SET],Bill Watterson,5,Comics & Graphic Novels,4.5,5
351,1118727967,1118727967.jpg,http://ecx.images-amazon.com/images/I/514vVVEHnJL.jpg,Applied Predictive Analytics: Principles and Techniques for the Professional Data Analyst,Dean Abbott,6,Computers & Technology,4.0,7
352,72224096,0072224096.jpg,http://ecx.images-amazon.com/images/I/516F8E0Z5AL.jpg,FreeBSD 5: The Complete Reference (With CD-ROM),Roderick Smith,6,Computers & Technology,2.0,10
353,72223073,0072223073.jpg,http://ecx.images-amazon.com/images/I/718xI5pULpL.jpg,Oracle Enterprise Manager 101,,6,Computers & Technology,1.0,6
354,111885912X,111885912X.jpg,http://ecx.images-amazon.com/images/I/51vuWNMxvDL.jpg,Principles of Object-Oriented Modeling and Simulation with Modelica 3.3: A Cyber-Physical Approach,Peter Fritzson,6,Computers & Technology,0.0,6
355,470697164,0470697164.jpg,http://ecx.images-amazon.com/images/I/411%2BpQKMY3L.jpg,"LTE, The UMTS Long Term Evolution: From Theory to Practice",,6,Computers & Technology,1.5,4
356,139011587,0139011587.jpg,http://ecx.images-amazon.com/images/I/51AZTAK0QNL.jpg,Fundamentals of Parallel Processing,Harry F. Jordan,6,Computers & Technology,0.0,5
357,73376841,0073376841.jpg,http://ecx.images-amazon.com/images/I/31xVR49n2IL.jpg,Business Driven Technology,Paige Baltzan,6,Computers & Technology,4.5,8
358,1119011507,1119011507.jpg,http://ecx.images-amazon.com/images/I/51PiH1Yvo3L.jpg,Fiber Optics Installer (FOI) Certification Exam Guide,Bill Woodward,6,Computers & Technology,2.5,8
359,1118893700,1118893700.jpg,http://ecx.images-amazon.com/images/I/5144C0287JL.jpg,CWNA: Certified Wireless Network Administrator Official Study Guide: Exam CWNA-106,David D. Coleman,6,Computers & Technology,4.5,3
360,130970484,0130970484.jpg,http://ecx.images-amazon.com/images/I/51JN26AK61L.jpg,Advanced Network Administration,Steve J. Wisniewski,6,Computers & Technology,0.5,10
361,078214425X,078214425X.jpg,http://ecx.images-amazon.com/images/I/513PU7YF00L.jpg,LPIC-1: Linux Professional Institute Certification Study Guide (Level 1 Exams 101 and 102),Roderick W. Smith,6,Computers & Technology,2.0,1
362,1590593308,1590593308.jpg,http://ecx.images-amazon.com/images/I/51pMA9VjBFL.jpg,"Cross-Platform .NET Development: Using Mono, Portable.NET, and Microsoft .NET",M.J. Easton,6,Computers & Technology,5.0,2
363,619216298,0619216298.jpg,http://ecx.images-amazon.com/images/I/41WgOUIVymL.jpg,Guide to Oracle 10g (Thomson Course Technology),Joline Morrison,6,Computers & Technology,3.5,9
364,1484039270,1484039270.jpg,http://ecx.images-amazon.com/images/I/516xaSKbfmL.jpg,"How to Make a Website or Blog: with WordPress, WITHOUT Coding, on your own domain, all in under 2 hours! (THE MAKE MONEY FROM HOME LIONS CLUB)",Mike Omar,6,Computers & Technology,4.0,2
365,1470064022,1470064022.jpg,http://ecx.images-amazon.com/images/I/51EmCYmJRnL.jpg,Free Range Institution: A Mick Murphy Key West Mystery,Mr Michael Haskins,6,Computers & Technology,1.5,2
366,1468142364,1468142364.jpg,http://ecx.images-amazon.com/images/I/51PzYCLHegL.jpg,ShowMe Guides OpenCart 1.5 User Manual,Ms. Kerry R. Watson,6,Computers & Technology,0.5,7
367,1935182943,1935182943.jpg,http://ecx.images-amazon.com/images/I/51j3SzJmJ6L.jpg,Making Java Groovy,Ken Kousen,6,Computers & Technology,1.5,1
368,1783981504,1783981504.jpg,http://ecx.images-amazon.com/images/I/518WnHZ%2BupL.jpg,Joomla! 3 Beginner's Guide Second Edition,Eric Tiggeler,6,Computers & Technology,0.5,2
369,521540518,0521540518.jpg,http://ecx.images-amazon.com/images/I/519AnjySQuL.jpg,Multiple View Geometry in Computer Vision,Richard Hartley,6,Computers & Technology,2.5,10
370,1305389905,1305389905.jpg,http://ecx.images-amazon.com/images/I/41VJnWOJ90L.jpg,A Simple Guide to IBM SPSS: for Version 22.0,Lee A. Kirkpatrick,6,Computers & Technology,3.0,1
371,226468852,0226468852.jpg,http://ecx.images-amazon.com/images/I/41HvDv6Pk%2BL.jpg,"The Electronic Word: Democracy, Technology, and the Arts",Richard A. Lanham,6,Computers & Technology,4.0,7
372,262701111,0262701111.jpg,http://ecx.images-amazon.com/images/I/51HoiJPz7BL.jpg,The Second Self: Computers and the Human Spirit,Sherry Turkle,6,Computers & Technology,5.0,8
373,1430229705,1430229705.jpg,http://ecx.images-amazon.com/images/I/51ZN6yuTvvL.jpg,Pro Oracle Database 11g Administration (Expert's Voice in Oracle),Darl Kuhn,6,Computers & Technology,4.5,5
374,149192652X,149192652X.jpg,http://ecx.images-amazon.com/images/I/51pcA99mkvL.jpg,Building Applications on Mesos,David Greenberg,6,Computers & Technology,3.5,9
375,1449328342,1449328342.jpg,http://ecx.images-amazon.com/images/I/41WO1hQY03L.jpg,Macintosh Terminal Pocket Guide,Daniel J. Barrett,6,Computers & Technology,2.5,5
376,387026207,0387026207.jpg,http://ecx.images-amazon.com/images/I/51rusyx0X6L.jpg,Beyond Fear: Thinking Sensibly About Security in an Uncertain World.,Bruce Schneier,6,Computers & Technology,1.0,4
377,9059053702,9059053702.jpg,http://ecx.images-amazon.com/images/I/51ac7K42cdL.jpg,Working with an Android 4.4 Tablet for Seniors: Suitable for Tablets from Different Manufacturers (Computer Books for Seniors series),Studio Visual Steps,6,Computers & Technology,4.5,9
378,71765654,0071765654.jpg,http://ecx.images-amazon.com/images/I/51O5%2BhX4LYL.jpg,"RHCSA/RHCE Red Hat Linux Certification Study Guide (Exams EX200 & EX300), 6th Edition (Certification Press)",Michael Jang,6,Computers & Technology,3.5,6
379,321718313,0321718313.jpg,http://ecx.images-amazon.com/images/I/51rVO6WHAmL.jpg,SharePoint 2010 Development with Visual Studio 2010 (Microsoft Windows Development Series),Eric Carter,6,Computers & Technology,5.0,4
380,1470023431,1470023431.jpg,http://ecx.images-amazon.com/images/I/51wcp88y8lL.jpg,Building Internet of Things with the Arduino (Volume 1),Charalampos Doukas,6,Computers & Technology,4.0,4
381,1784395765,1784395765.jpg,http://ecx.images-amazon.com/images/I/41iBYw3B%2BnL.jpg,Getting Started with Gulp,Travis Maynard,6,Computers & Technology,0.0,5
382,1449366171,1449366171.jpg,http://ecx.images-amazon.com/images/I/51NPZu-5PiL.jpg,Clojure Cookbook: Recipes for Functional Programming,Luke VanderHart,6,Computers & Technology,0.5,8
383,1118127196,1118127196.jpg,http://ecx.images-amazon.com/images/I/51nnt1GMRwL.jpg,Hybrid Cloud For Dummies,Judith Hurwitz,6,Computers & Technology,4.0,6
384,596001622,0596001622.jpg,http://ecx.images-amazon.com/images/I/51Jkfmp76AL.jpg,Squid: The Definitive Guide,Duane Wessels,6,Computers & Technology,5.0,9
385,124157815,0124157815.jpg,http://ecx.images-amazon.com/images/I/41e8zeV-HHL.jpg,"Measuring the User Experience, Second Edition: Collecting, Analyzing, and Presenting Usability Metrics (Interactive Technologies)",William Albert,6,Computers & Technology,5.0,1
386,1498723284,1498723284.jpg,http://ecx.images-amazon.com/images/I/51QGgxNE-vL.jpg,Developing Essbase Applications: Hybrid Techniques and Practices,,6,Computers & Technology,4.5,8
387,1118436636,1118436636.jpg,http://ecx.images-amazon.com/images/I/513PeEpuCoL.jpg,Data Center Handbook,Hwaiyu Geng,6,Computers & Technology,2.0,3
388,1138021415,1138021415.jpg,http://ecx.images-amazon.com/images/I/51DDLzi4S0L.jpg,"Composing Music for Games: The Art, Technology and Business of Video Game Scoring",Chance Thomas,6,Computers & Technology,0.5,7
389,125571895,0125571895.jpg,http://ecx.images-amazon.com/images/I/51QO2ubZGCL.jpg,"Routing, Flow, and Capacity Design in Communication and Computer Networks (The Morgan Kaufmann Series in Networking)",Michal Pioro,6,Computers & Technology,1.5,10
390,073561993X,073561993X.jpg,http://ecx.images-amazon.com/images/I/414uoFBh--L.jpg,Agile Project Management with Scrum (Developer Best Practices),Ken Schwaber,6,Computers & Technology,3.5,1
391,1161520937,1161520937.jpg,http://ecx.images-amazon.com/images/I/31GD%2BtgeigL.jpg,The Origin Of Symbolism: Teachings Of The Rose Cross College,R. Swinburne Clymer,6,Computers & Technology,5.0,5
392,470040629,0470040629.jpg,http://ecx.images-amazon.com/images/I/51fOgX1UuwL.jpg,PowerPoint 2007 All-in-One Desk Reference For Dummies,Peter Weverka,6,Computers & Technology,4.5,3
393,1492291137,1492291137.jpg,http://ecx.images-amazon.com/images/I/51p-D0S6zvL.jpg,How To Build the ULTIMATE LinkedIn Profile In Under An Hour: Boost Your Branding,Andrew Macarthy,6,Computers & Technology,2.0,10
394,1633430103,1633430103.jpg,http://ecx.images-amazon.com/images/I/41dTChTH8kL.jpg,Functional Reactive Programming,Stephen Blackheath,6,Computers & Technology,0.0,6
395,1118508645,1118508645.jpg,http://ecx.images-amazon.com/images/I/51mDbvSbFhL.jpg,iPod and iTunes For Dummies,Tony Bove,6,Computers & Technology,3.0,4
396,1505432723,1505432723.jpg,http://ecx.images-amazon.com/images/I/41hnXUYlPUL.jpg,SEO 2015 & Beyond: Search engine optimization will never be the same again! (Webmaster Series) (Volume 1),Dr. Andy Williams,6,Computers & Technology,1.0,2
397,1119010179,1119010179.jpg,http://ecx.images-amazon.com/images/I/51gItOi77HL.jpg,Office for iPad and Mac For Dummies,Peter Weverka,6,Computers & Technology,1.0,8
398,123747651,0123747651.jpg,http://ecx.images-amazon.com/images/I/51e0UfoCKjL.jpg,Handbook of Statistical Analysis and Data Mining Applications,Gary Miner,6,Computers & Technology,2.0,10
399,143034677,0143034677.jpg,http://ecx.images-amazon.com/images/I/51NTVSK5MZL.jpg,Origins of the Crash: The Great Bubble and Its Undoing,Roger Lowenstein,6,Computers & Technology,1.5,6
400,1449325866,1449325866.jpg,http://ecx.images-amazon.com/images/I/41VaitbtWGL.jpg,Git Pocket Guide,Richard E. Silverman,6,Computers & Technology,0.0,1
401,764116258,0764116258.jpg,http://ecx.images-amazon.com/images/I/51XH7VXMARL.jpg,Halloween: Imaginative Holiday Ideas,Marie-Laure Mantoux,7,"Cookbooks, Food & Wine",0.5,1
402,B008WS79ZQ,B008WS79ZQ.jpg,http://ecx.images-amazon.com/images/I/51NzwNi52CL.jpg,Cook It French! Easy Recipes for Rosh Hashanah,Alice Level,7,"Cookbooks, Food & Wine",2.5,4
403,563521643,0563521643.jpg,http://ecx.images-amazon.com/images/I/51q47RCDZ2L.jpg,Ken Hom's Top 100 Stir Fry Recipes: Quick and Easy Dishes for Every Occasion (BBC Books' Quick & Easy Cookery),Ken Hom,7,"Cookbooks, Food & Wine",5.0,5
404,307396460,0307396460.jpg,http://ecx.images-amazon.com/images/I/51usbhLNHnL.jpg,Martha's Entertaining: A Year of Celebrations,Martha Stewart,7,"Cookbooks, Food & Wine",4.0,5
405,544307070,0544307070.jpg,http://ecx.images-amazon.com/images/I/61hKy44LwWL.jpg,"Better Homes and Gardens New Cook Book, Sixteenth Edition (Better Homes and Gardens Plaid)",Better Homes and Gardens,7,"Cookbooks, Food & Wine",0.0,10
406,1508699674,1508699674.jpg,http://ecx.images-amazon.com/images/I/516QxruJjOL.jpg,Dump Dinners Cookbook: 101 Quick & Easy Dump Dinner Recipes For Busy People,Kristina Newman,7,"Cookbooks, Food & Wine",3.5,7
407,517177404,0517177404.jpg,http://ecx.images-amazon.com/images/I/41OByUmKnEL.jpg,The Original Boston Cooking School Cook Book 1896,Fannie Merritt Farmer,7,"Cookbooks, Food & Wine",4.0,7
408,805243089,0805243089.jpg,http://ecx.images-amazon.com/images/I/61er1osP9gL.jpg,"Jewish Soul Food: From Minsk to Marrakesh, More Than 100 Unforgettable Dishes Updated for Today's Kitchen",Janna Gur,7,"Cookbooks, Food & Wine",3.0,3
409,1743216785,1743216785.jpg,http://ecx.images-amazon.com/images/I/514NpK1XetL.jpg,Lonely Planet Cuba (Travel Guide),Lonely Planet,7,"Cookbooks, Food & Wine",3.0,8
410,873519574,0873519574.jpg,http://ecx.images-amazon.com/images/I/51D7sSHNBGL.jpg,Homemade with Honey,Sue Doeden,7,"Cookbooks, Food & Wine",2.0,9
411,439874874,0439874874.jpg,http://ecx.images-amazon.com/images/I/61pZiJDbekL.jpg,Flower Girl,Kathy Furgang,8,"Crafts, Hobbies & Home",0.5,6
412,1440207917,1440207917.jpg,http://ecx.images-amazon.com/images/I/51BrXSLos6L.jpg,Soap Maker's Workshop: The Art and Craft of Natural Homemade Soap,Robert S. McDaniel,8,"Crafts, Hobbies & Home",3.5,10
413,1887374159,1887374159.jpg,http://ecx.images-amazon.com/images/I/519CQDMMF5L.jpg,"Contemporary Wicker Basketry: Projects, Techniques, Inspirational Designs",Flo Hoppe,8,"Crafts, Hobbies & Home",5.0,10
414,762442514,0762442514.jpg,http://ecx.images-amazon.com/images/I/51IcuhsvmyL.jpg,Care Bears: Love Is All Around (Care Bears (Running Press)),,8,"Crafts, Hobbies & Home",0.5,10
415,811712125,0811712125.jpg,http://ecx.images-amazon.com/images/I/61IJQmHKpoL.jpg,Weaving Rag Rugs,Tom Knisely,8,"Crafts, Hobbies & Home",2.5,8
416,1581600577,1581600577.jpg,http://ecx.images-amazon.com/images/I/51%2BX6DJO3RL.jpg,German Swords and Sword Makers: Edged Weapon Makers from the 14th to the 20th Centuries,Richard H. Bezdek,8,"Crafts, Hobbies & Home",2.0,9
417,1564776700,1564776700.jpg,http://ecx.images-amazon.com/images/I/613BCATGRML.jpg,Adoration Quilts: Applique Nativity Projects (That Patchwork Place),Rachel W. N. Brown,8,"Crafts, Hobbies & Home",2.0,9
418,B00E2RM4Q0,B00E2RM4Q0.jpg,http://ecx.images-amazon.com/images/I/61uQGCm4kyL.jpg,"Japanese Garden Design Traditions & Techniques by Chesshire, Charles. (Anness,2012) [Paperback]",,8,"Crafts, Hobbies & Home",2.5,8
419,393730034,0393730034.jpg,http://ecx.images-amazon.com/images/I/51wcVlj4l8L.jpg,Textiles: A Handbook for Designers (Revised Edition),Marypaul Yates,8,"Crafts, Hobbies & Home",3.0,9
420,415521246,0415521246.jpg,http://ecx.images-amazon.com/images/I/511OvLA6tlL.jpg,Green Infrastructure: Incorporating Plants and Enhancing Biodiversity in Buildings and Urban Environments,John W. Dover,8,"Crafts, Hobbies & Home",1.5,1
421,1887432493,1887432493.jpg,http://ecx.images-amazon.com/images/I/51XBrNfzHNL.jpg,The Collector's Guide to Sports Publications & Sports Illustrated,Philip W. Regli,8,"Crafts, Hobbies & Home",3.5,4
422,1565123409,1565123409.jpg,http://ecx.images-amazon.com/images/I/617VFhwJGnL.jpg,Sins and Needles: A Story of Spiritual Mending,Melanie Materson,8,"Crafts, Hobbies & Home",3.0,3
423,913702323,0913702323.jpg,http://ecx.images-amazon.com/images/I/41ZvxTHlEFL.jpg,Principles of Weed Control in California,CALIFORNIA WEED CONFERENCE,8,"Crafts, Hobbies & Home",3.0,6
424,1440240353,1440240353.jpg,http://ecx.images-amazon.com/images/I/613KAs7EBRL.jpg,Picker's Bible: How to Pick Antiques Like the Pros,Joe Willard,8,"Crafts, Hobbies & Home",4.5,10
425,855327677,0855327677.jpg,http://ecx.images-amazon.com/images/I/616x5hhYdtL.jpg,The Art of Pebble Mosaics,Maggy Howarth,8,"Crafts, Hobbies & Home",0.0,4
426,894874616,0894874616.jpg,http://ecx.images-amazon.com/images/I/51xd7W8IAcL.jpg,Scott 2012 Standard Postage Stamp Catalogue Volume 2: Countries of the World C-F (Scott Standard Postage Stamp Catalogue: Vol.2: Countries of the World C-F),,8,"Crafts, Hobbies & Home",3.0,8
427,764324071,0764324071.jpg,http://ecx.images-amazon.com/images/I/5144V9PHDGL.jpg,The Art of the Garden: Collecting Antique Botanical Prints,Denise DeLaurentis,8,"Crafts, Hobbies & Home",0.5,5
428,1579907180,1579907180.jpg,http://ecx.images-amazon.com/images/I/61e0R-ytUWL.jpg,Beading with Cabochons: Simple Techniques for Beautiful Jewelry (Lark Jewelry Books),Jamie Cloud Eakin,8,"Crafts, Hobbies & Home",3.0,6
429,1612123961,1612123961.jpg,http://ecx.images-amazon.com/images/I/61fNymxxS0L.jpg,High-Yield Vegetable Gardening: Grow More of What You Want in the Space You Have,Colin McCrate,8,"Crafts, Hobbies & Home",1.0,2
430,1585744417,1585744417.jpg,http://ecx.images-amazon.com/images/I/513SSM3GK5L.jpg,"Bonsai: Grow Your Own Bonsai from Cuttings, Seeds, and Saplings",Werner M. Busch,8,"Crafts, Hobbies & Home",0.0,9
431,1507747705,1507747705.jpg,http://ecx.images-amazon.com/images/I/61Q8Y0MKcnL.jpg,The Ultimate Guide to Greenhouse Gardening for Beginners & The Ultimate Guide to Raised Bed Gardening for Beginners & The Ultimate Guide to Vegetable ... for Beginners (Gardening Box Set) (Volume 24),Lindsey Pylarinos,8,"Crafts, Hobbies & Home",2.5,1
432,830611487,0830611487.jpg,http://ecx.images-amazon.com/images/I/51oguK8oMaL.jpg,How to Repair Old-Time Radios,Clayton L. Hallmark,8,"Crafts, Hobbies & Home",2.0,6
433,807609234,0807609234.jpg,http://ecx.images-amazon.com/images/I/510Etdzv46L.jpg,"The Golden Age: Manuscript Painting at the Time of Jean, Duke of Berry",Marcel Thomas,8,"Crafts, Hobbies & Home",1.5,3
434,B005ZO6NFC,B005ZO6NFC.jpg,http://ecx.images-amazon.com/images/I/41O%2B%2BnNtSvL.jpg,Our Honeymoon Journal (Interactive Journals),,8,"Crafts, Hobbies & Home",5.0,7
435,1445488671,1445488671.jpg,http://ecx.images-amazon.com/images/I/51IDpY8YXrL.jpg,Gorgeously Gruesome Zombies (Scary Cute Boxsets),Parragon Books,8,"Crafts, Hobbies & Home",4.5,1
436,897215141,0897215141.jpg,http://ecx.images-amazon.com/images/I/5193LP4A%2BtL.jpg,"All About Building Waterfalls, Ponds, and  Streams",Ortho,8,"Crafts, Hobbies & Home",0.5,7
437,1452134820,1452134820.jpg,http://ecx.images-amazon.com/images/I/51cJDsvDnjL.jpg,Vintage McCall's Patterns Notecards,The McCall Pattern Company,8,"Crafts, Hobbies & Home",2.0,3
438,1880656434,1880656434.jpg,http://ecx.images-amazon.com/images/I/614Qhn5Gt%2BL.jpg,Gardens of Gravel and Sand,Leonard Koren,8,"Crafts, Hobbies & Home",1.0,3
439,988474913,0988474913.jpg,http://ecx.images-amazon.com/images/I/512dZrLgO1L.jpg,The Seed Garden: The Art and Practice of Seed Saving,Jared Zystro,8,"Crafts, Hobbies & Home",5.0,8
440,1479197009,1479197009.jpg,http://ecx.images-amazon.com/images/I/51qLNUFuiVL.jpg,"Backyard Chickens for Beginners: Getting the Best Chickens, Choosing Coops, Feeding and Care, and Beating City Chicken Laws",R.J. Ruppenthal,8,"Crafts, Hobbies & Home",0.0,3
441,711214255,0711214255.jpg,http://ecx.images-amazon.com/images/I/61CJ0nZqFmL.jpg,Drought Resistant Planting,Beth Chatto,8,"Crafts, Hobbies & Home",5.0,8
442,786477679,0786477679.jpg,http://ecx.images-amazon.com/images/I/51G0AbNU4CL.jpg,Sicilian Epic and the Marionette Theater,Michael Buonanno,8,"Crafts, Hobbies & Home",0.0,7
443,891456066,0891456066.jpg,http://ecx.images-amazon.com/images/I/51C9K1CG90L.jpg,De Courtivron's Collectible Coca-Cola Toy Trucks: An Identification & Value Guide,Gael De Courtivron,8,"Crafts, Hobbies & Home",3.0,2
444,811704319,0811704319.jpg,http://ecx.images-amazon.com/images/I/51LxXwtRYFL.jpg,"Tole Painting: Tips, Tools, and Techniques for Learning the Craft (Heritage Crafts)",Pat Oxenford,8,"Crafts, Hobbies & Home",0.0,2
445,1554073006,1554073006.jpg,http://ecx.images-amazon.com/images/I/51NFAOkI0vL.jpg,"Firefly Encyclopedia of the Vivarium: Keeping Amphibians, Reptiles, and Insects, Spiders and other Invertebrates in Terraria, Aquaterraria, and Aquaria",David Alderton,8,"Crafts, Hobbies & Home",3.0,1
446,811707288,0811707288.jpg,http://ecx.images-amazon.com/images/I/41NR5QxIqnL.jpg,Gunsmithing (Stackpole Classic Gun Books),Roy F. Dunlap,8,"Crafts, Hobbies & Home",4.5,7
447,159217227X,159217227X.jpg,http://ecx.images-amazon.com/images/I/41F9jVMUN9L.jpg,Say It With Style,,8,"Crafts, Hobbies & Home",2.0,1
448,880105402,0880105402.jpg,http://ecx.images-amazon.com/images/I/41nK9KqMIuL.jpg,What Is Biodynamics?: A Way to Heal and Revitalize the Earth,Rudolf Steiner,8,"Crafts, Hobbies & Home",5.0,10
449,1440215812,1440215812.jpg,http://ecx.images-amazon.com/images/I/51DI5DGvgnL.jpg,Locking Loops: Unique Locker Hooking Handcrafts to Wear and Give,Theresa Pulido,8,"Crafts, Hobbies & Home",1.0,5
450,764347519,0764347519.jpg,http://ecx.images-amazon.com/images/I/51uOzwiuSUL.jpg,Norwegian Pick-Up Bandweaving,Heather Torgenrud,8,"Crafts, Hobbies & Home",0.0,4
451,144033210X,144033210X.jpg,http://ecx.images-amazon.com/images/I/51iNBYniS1L.jpg,Zen Doodle: Tons of Tangles,,8,"Crafts, Hobbies & Home",1.0,6
452,393602751X,393602751X.jpg,http://ecx.images-amazon.com/images/I/51P2W22MM9L.jpg,"Aqualog: Loricariidae All L-Numbers, New 2nd. Edition",Erwin Schraml,8,"Crafts, Hobbies & Home",3.0,7
453,70157626,0070157626.jpg,http://ecx.images-amazon.com/images/I/51ZMNTQEHKL.jpg,Troubleshooting and Repairing Compact Disc Players,Homer L. Davidson,8,"Crafts, Hobbies & Home",0.5,3
454,1516926005,1516926005.jpg,http://ecx.images-amazon.com/images/I/613VvrHW21L.jpg,"Love Cats & Dogs: Creative Cats and Dogs Coloring Book Adventure for Adults (Animal Coloring Book for Adults, Cats Coloring Book, Dogs Coloring Book) (Volume 1)",Bella Mosley,8,"Crafts, Hobbies & Home",0.5,5
455,1138798967,1138798967.jpg,http://ecx.images-amazon.com/images/I/51juAfjl0yL.jpg,Planning and Designing the IP Broadcast Facility: A New Puzzle to Solve,Gary Olson,8,"Crafts, Hobbies & Home",4.5,3
456,1882256468,1882256468.jpg,http://ecx.images-amazon.com/images/I/611i9mEVKAL.jpg,"Coca-Cola: A History in Photographs, 1930-1969 (Iconografix Photo Archive Series)",Howard L. Applegate,8,"Crafts, Hobbies & Home",4.5,7
457,1880524260,1880524260.jpg,http://ecx.images-amazon.com/images/I/511KXYZQ43L.jpg,How to Build a Dune Buggy,Motorbooks International,10,Engineering & Transportation,2.5,4
458,133512126,0133512126.jpg,http://ecx.images-amazon.com/images/I/41wyuqdaxhL.jpg,Hybrid and Alternative Fuel Vehicles (4th Edition) (Automotive Systems Books),James D. Halderman,10,Engineering & Transportation,3.5,7
459,1852602597,1852602597.jpg,http://ecx.images-amazon.com/images/I/51TzibVjWiL.jpg,Ferry Porsche: Cars Are My Life,Ferry Porsche,10,Engineering & Transportation,0.0,5
460,1628926562,1628926562.jpg,http://ecx.images-amazon.com/images/I/41AjgaKIhiL.jpg,Swatch Reference Guide for Fashion Fabrics,Deborah Young,10,Engineering & Transportation,3.5,5
461,452287340,0452287340.jpg,http://ecx.images-amazon.com/images/I/41pqbq536HL.jpg,"Devils on the Deep Blue Sea: The Dreams, Schemes, and Showdowns That Built America's Cruise-Ship Empires",Kristoffer A. Garin,10,Engineering & Transportation,1.0,6
462,1305259483,1305259483.jpg,http://ecx.images-amazon.com/images/I/51C3hTsWjNL.jpg,"Workbook for Bennett's Heavy Duty Truck Systems, 6th",Sean Bennett,10,Engineering & Transportation,3.0,9
463,847845311,0847845311.jpg,http://ecx.images-amazon.com/images/I/51L5bdZA73L.jpg,Giorgetto Giugiaro: The Genius of Design,,10,Engineering & Transportation,0.0,6
464,879389532,0879389532.jpg,http://ecx.images-amazon.com/images/I/51ur4nmYDCL.jpg,"Pontiac GTO Restoration Guide, 1964-1972 (Motorbooks Workshop)",Paul Zazarine,10,Engineering & Transportation,2.0,8
465,1585742406,1585742406.jpg,http://ecx.images-amazon.com/images/I/51giArpkYlL.jpg,The Grey Seas Under: The Perilous Rescue Mission of a N.A. Salvage Tug,Farley Mowat,10,Engineering & Transportation,2.0,7
466,1902351053,1902351053.jpg,http://ecx.images-amazon.com/images/I/41T65HTXR3L.jpg,Lotus Elise: The Official Story,Jeremy Walton,10,Engineering & Transportation,2.0,9
467,132756544,0132756544.jpg,http://ecx.images-amazon.com/images/I/51UyWvzO-jL.jpg,"Sustainable Engineering: Concepts, Design and Case Studies",David T. Allen,10,Engineering & Transportation,2.5,1
468,760347476,0760347476.jpg,http://ecx.images-amazon.com/images/I/51-FcOqmRuL.jpg,Streamliners: Locomotives and Trains in the Age of Speed and Style,Brian Solomon,10,Engineering & Transportation,1.5,4
469,865871698,0865871698.jpg,http://ecx.images-amazon.com/images/I/41-PNYFXBzL.jpg,Applied Statistics in Occupational Safety and Health,Christopher A. Janicak,10,Engineering & Transportation,3.5,7
470,71742581,0071742581.jpg,http://ecx.images-amazon.com/images/I/51KUq4rK8GL.jpg,Lineman's and Cableman's Handbook 12th Edition (Lineman's & Cableman's Handbook),Thomas Shoemaker,10,Engineering & Transportation,5.0,2
471,73402761,0073402761.jpg,http://ecx.images-amazon.com/images/I/610YZYkKlNL.jpg,"General, Organic and Biochemistry",Katherine Denniston,10,Engineering & Transportation,4.0,10
472,1559636602,1559636602.jpg,http://ecx.images-amazon.com/images/I/511%2Bh%2BoQPHL.jpg,Sustainability and Cities: Overcoming Automobile Dependence,Peter Newman,10,Engineering & Transportation,0.5,7
473,71763058,0071763058.jpg,http://ecx.images-amazon.com/images/I/51dUK3QgfWL.jpg,"Commercial Aviation Safety, 5th Edition",Clarence Rodrigues,10,Engineering & Transportation,2.5,2
474,596807732,0596807732.jpg,http://ecx.images-amazon.com/images/I/517tTbl12LL.jpg,"Building Wireless Sensor Networks: with ZigBee, XBee, Arduino, and Processing",Robert Faludi,10,Engineering & Transportation,4.0,3
475,891960856,0891960856.jpg,http://ecx.images-amazon.com/images/I/51iobCIWMYL.gif,Complete Book of Electric Vehicles,Sheldon R. Shacket,10,Engineering & Transportation,1.5,9
476,812968719,0812968719.jpg,http://ecx.images-amazon.com/images/I/51h8F0x1p%2BL.jpg,Investment Biker: Around the World with Jim Rogers,Jim Rogers,10,Engineering & Transportation,4.0,7
477,076034454X,076034454X.jpg,http://ecx.images-amazon.com/images/I/512xYpgVuiL.jpg,How To Restore Your Farm Tractor,Tharran E Gaines,10,Engineering & Transportation,0.5,6
478,1459719409,1459719409.jpg,http://ecx.images-amazon.com/images/I/51OXnCDJ-AL.jpg,Lemon-Aid New and Used Cars and Trucks 1990-2015,Phil Edmonston,10,Engineering & Transportation,5.0,1
479,1578051169,1578051169.jpg,http://ecx.images-amazon.com/images/I/41EQREG1E4L.jpg,Take Back the Sky: Protecting Communities in the Path of Aviation Expansion,Rae Andre,10,Engineering & Transportation,0.5,9
480,128027487,0128027487.jpg,http://ecx.images-amazon.com/images/I/510vFbNWdbL.jpg,Coastal Zones: Solutions for the 21st Century,Juan Baztan,10,Engineering & Transportation,2.5,3
481,1118891686,1118891686.jpg,http://ecx.images-amazon.com/images/I/51WBEbjpdLL.jpg,Business Data Communications and Networking,Jerry FitzGerald,10,Engineering & Transportation,1.5,4
482,764345427,0764345427.jpg,http://ecx.images-amazon.com/images/I/517Vv6AinNL.jpg,Boston Below,Joseph R. Votano,10,Engineering & Transportation,0.5,1
483,240818962,0240818962.jpg,http://ecx.images-amazon.com/images/I/51laZBn6-XL.jpg,Mastering Audio: The Art and the Science,Bob Katz,10,Engineering & Transportation,0.0,3
484,1449313876,1449313876.jpg,http://ecx.images-amazon.com/images/I/51u3Od42V6L.jpg,"Arduino Cookbook, 2nd Edition",Michael Margolis,10,Engineering & Transportation,4.0,4
485,1416567216,1416567216.jpg,http://ecx.images-amazon.com/images/I/51oj02zNIOL.jpg,The Finest Hours: The True Story of the U.S. Coast Guard's Most Daring Sea Rescue,Michael J. Tougias,10,Engineering & Transportation,4.0,3
486,856967882,0856967882.jpg,http://ecx.images-amazon.com/images/I/513E7YhPr0L.jpg,Ford Pick-ups & Bronco Automotive Repair Manual (1973 - 1979),Dennis Yamaguchi,10,Engineering & Transportation,5.0,2
487,932387101,0932387101.jpg,http://ecx.images-amazon.com/images/I/41bx5dePeJL.jpg,"Sharing the Risk: How the Nation's Businesses, Homes and Autos Are Insured",,10,Engineering & Transportation,2.0,1
488,962782025,0962782025.jpg,http://ecx.images-amazon.com/images/I/512j%2BxRRiqL.jpg,Money on the Table: What You Don't Know Leaves Money on the Table,Gary Fagg,10,Engineering & Transportation,3.5,4
489,186126836X,186126836X.jpg,http://ecx.images-amazon.com/images/I/51StxcV80RL.jpg,Sauber-Mercedes C9: The Return of the Silver Arrows,Ian Bamsey,10,Engineering & Transportation,0.5,10
490,760340501,0760340501.jpg,http://ecx.images-amazon.com/images/I/51ZphTILYUL.jpg,Ultimate Speed Secrets: The Complete Guide to High-Performance and Race Driving,Ross Bentley,10,Engineering & Transportation,1.5,10
491,760344884,0760344884.jpg,http://ecx.images-amazon.com/images/I/51AIlQx3i3L.jpg,North American Railroad Family Trees: An Infographic History of the Industry's Mergers and Evolution,Brian Solomon,10,Engineering & Transportation,4.0,10
492,178242377X,178242377X.jpg,http://ecx.images-amazon.com/images/I/51yo9pjVbFL.jpg,Advances in Battery Technologies for Electric Vehicles (Woodhead Publishing Series in Energy),,10,Engineering & Transportation,1.0,7
493,1613250924,1613250924.jpg,http://ecx.images-amazon.com/images/I/61xLF87ffHL.jpg,How to Build Max-Performance Mopar Big-Blocks,Andy Finkbeiner,10,Engineering & Transportation,4.5,7
494,1593272774,1593272774.jpg,http://ecx.images-amazon.com/images/I/51R8tlXRYOL.jpg,The LEGO Technic Idea Book: Simple Machines,Yoshihito Isogawa,10,Engineering & Transportation,2.5,6
495,1620921871,1620921871.jpg,http://ecx.images-amazon.com/images/I/51ZifLNf1FL.jpg,Ford Mustang 2005 thru 2014 (Haynes Repair Manual),Editors of Haynes Manuals,10,Engineering & Transportation,3.0,4
496,1476709564,1476709564.jpg,http://ecx.images-amazon.com/images/I/51skjlPR2%2BL.jpg,"Bold: How to Go Big, Create Wealth and Impact the World",Peter H. Diamandis,10,Engineering & Transportation,1.5,1
497,71361367,0071361367.jpg,http://ecx.images-amazon.com/images/I/61f73bvCEdL.jpg,Boater's Bowditch: The Small Craft American Practical Navigator,Richard Hubbard,10,Engineering & Transportation,4.5,6
498,975937723,0975937723.jpg,http://ecx.images-amazon.com/images/I/517uwo3diYL.jpg,Chemical Reactor Analysis and Design Fundamentals,James B. Rawlings,10,Engineering & Transportation,1.0,6
499,1563920204,1563920204.jpg,http://ecx.images-amazon.com/images/I/51R-XR-K27L.jpg,BMW 3 & 5 Series  '82'92 (Haynes Repair Manuals),John Haynes,10,Engineering & Transportation,4.5,8
